t,tracked,n_obs0,n_obs1,mean0,ms
1520530308.199448,1,440,245,13.85,5.61
1520530308.249449,1,248,0,13.93,0.62
1520530308.299451,1,224,0,13.89,0.98
1520530308.349503,1,207,0,14.54,0.60
1520530308.399505,1,197,0,14.69,0.58
1520530308.449505,1,191,0,14.72,0.65
1520530308.499506,1,187,0,14.59,0.63
1520530308.549508,1,442,267,14.63,6.70
1520530308.599509,1,240,0,14.67,0.76
1520530308.649555,1,231,0,14.64,0.68
1520530308.699512,1,218,0,14.60,0.71
1520530308.749559,1,205,0,15.25,0.76
1520530308.799560,1,201,0,15.21,0.73
1520530308.849562,1,197,0,15.22,0.74
1520530308.899563,1,195,0,15.24,0.65
1520530308.949565,1,188,0,15.34,0.67
1520530308.999567,1,185,0,15.33,0.64
1520530309.049568,1,444,297,15.40,3.01
1520530309.099570,1,265,0,15.34,0.72
1520530309.149567,1,255,0,15.29,0.80
1520530309.199583,1,242,0,15.52,0.96
1520530309.249583,1,230,0,15.42,0.99
1520530309.299586,1,222,0,15.55,0.67
1520530309.349586,1,216,0,15.54,0.65
1520530309.399589,1,216,0,15.43,0.68
1520530309.449590,1,214,0,15.40,0.67
1520530309.499591,1,209,0,15.47,0.71
1520530309.549594,1,206,0,15.52,0.72
1520530309.599597,1,204,0,15.46,0.78
1520530309.649599,1,203,0,15.61,0.79
1520530309.699600,1,198,0,15.63,0.78
1520530309.749602,1,196,0,15.62,0.78
1520530309.799603,1,193,0,15.55,0.71
1520530309.849605,1,191,0,15.64,0.72
1520530309.899606,1,191,0,15.66,0.73
1520530309.949608,1,189,0,15.53,0.77
1520530309.999622,1,186,0,15.82,0.76
1520530310.049623,1,184,0,15.77,0.77
1520530310.099625,1,441,289,15.81,3.14
1520530310.149627,1,258,0,15.86,0.73
1520530310.199628,1,244,0,15.89,0.79
1520530310.249729,1,231,0,15.81,0.66
1520530310.299631,1,223,0,15.84,0.77
1520530310.349633,1,221,0,15.80,0.66
1520530310.399625,1,213,0,15.68,0.70
1520530310.449627,1,209,0,15.64,0.69
1520530310.499628,1,204,0,15.70,0.73
1520530310.549630,1,202,0,15.70,0.68
1520530310.599632,1,199,0,15.71,0.70
1520530310.649633,1,196,0,15.70,0.68
1520530310.699635,1,194,0,15.67,0.76
1520530310.749636,1,192,0,15.64,0.67
1520530310.799651,1,191,0,15.90,0.71
1520530310.849652,1,184,0,15.91,0.95
1520530310.899654,1,443,282,15.98,3.05
1520530310.949655,1,252,0,15.93,0.79
1520530310.999657,1,240,0,15.94,0.71
1520530311.049659,1,223,0,15.97,0.74
1520530311.099660,1,212,0,15.89,0.67
1520530311.149662,1,204,0,15.96,0.96
1520530311.199672,1,196,0,16.07,0.77
1520530311.249673,1,195,0,16.05,0.67
1520530311.299675,1,191,0,15.99,0.66
1520530311.349677,1,187,0,16.02,0.81
1520530311.399678,1,185,0,16.05,0.72
1520530311.449679,1,443,294,16.05,3.24
1520530311.499684,1,257,0,16.05,0.75
1520530311.549683,1,237,0,16.04,0.68
1520530311.599684,1,227,0,16.10,0.66
1520530311.649719,1,221,0,16.60,0.69
1520530311.699720,1,215,0,16.51,0.67
1520530311.749722,1,207,0,16.64,0.70
1520530311.799723,1,205,0,16.57,0.67
1520530311.849725,1,202,0,16.55,0.70
1520530311.899726,1,200,0,16.57,0.79
1520530311.949728,1,198,0,16.56,0.72
1520530311.999729,1,195,0,16.54,0.74
1520530312.049721,1,195,0,16.39,0.81
1520530312.099721,1,193,0,16.49,0.68
1520530312.149723,1,191,0,16.42,0.72
1520530312.199726,1,191,0,16.52,0.75
1520530312.249727,1,186,0,16.51,0.78
1520530312.299728,1,444,311,16.42,3.67
1520530312.349730,1,274,0,16.40,0.67
1520530312.399731,1,254,0,16.43,0.72
1520530312.449712,1,242,0,16.13,0.76
1520530312.499714,1,236,0,16.15,0.75
1520530312.549715,1,225,0,16.19,0.69
1520530312.599717,1,223,0,16.19,0.66
1520530312.649719,1,216,0,16.16,1.00
1520530312.699720,1,213,0,16.12,0.75
1520530312.749722,1,204,0,16.13,0.77
1520530312.799724,1,202,0,16.20,0.69
1520530312.849720,1,198,0,16.12,0.79
1520530312.899721,1,194,0,16.15,0.76
1520530312.949723,1,192,0,16.09,0.98
1520530312.999725,1,186,0,16.15,0.76
1520530313.049726,1,443,293,16.12,3.63
1520530313.099727,1,251,0,16.12,0.77
1520530313.149729,1,233,0,16.13,1.02
1520530313.199730,1,228,0,16.11,0.68
1520530313.249736,1,220,0,16.14,0.70
1520530313.299738,1,216,0,16.24,0.79
1520530313.349739,1,209,0,16.23,0.67
1520530313.399790,1,206,0,16.23,0.72
1520530313.449743,1,205,0,16.20,0.66
1520530313.499744,1,202,0,16.15,0.71
1520530313.549746,1,199,0,16.20,0.72
1520530313.599747,1,196,0,16.19,0.73
1520530313.649745,1,193,0,16.14,0.73
1520530313.699746,1,190,0,16.08,0.69
1520530313.749748,1,445,298,16.16,4.46
1520530313.799750,1,260,0,16.15,0.72
1520530313.849751,1,244,0,16.22,0.71
1520530313.899753,1,234,0,16.17,0.81
1520530313.949754,1,221,0,16.08,0.71
1520530313.999756,1,217,0,16.12,0.70
1520530314.049757,1,204,0,16.27,0.75
1520530314.099763,1,197,0,16.23,0.71
1520530314.149765,1,194,0,16.22,0.80
1520530314.199766,1,187,0,16.29,0.67
1520530314.249768,1,184,0,16.35,0.76
1520530314.299769,1,430,300,16.38,4.68
1520530314.349771,1,253,0,16.31,0.82
1520530314.399773,1,234,0,16.32,0.69
1520530314.449774,1,220,0,16.30,0.70
1520530314.499774,1,211,0,16.39,0.68
1520530314.549776,1,196,0,16.31,0.67
1520530314.599777,1,424,283,16.34,4.35
1520530314.649779,1,240,0,16.43,0.69
1520530314.699780,1,221,0,16.56,0.69
1520530314.749782,1,205,0,16.54,0.76
1520530314.799787,1,193,0,16.59,0.69
1520530314.849784,1,185,0,16.74,0.66
1520530314.899810,1,180,0,17.11,0.70
1520530314.949812,1,443,307,17.32,4.85
1520530314.999919,1,236,0,17.33,0.75
1520530315.049815,1,209,0,17.38,0.68
1520530315.099817,1,196,0,17.44,0.98
1520530315.149818,1,188,0,17.50,0.67
1520530315.199819,1,447,281,17.54,4.81
1520530315.249821,1,241,0,17.63,0.71
1520530315.299635,1,445,254,14.61,4.41
1520530315.349637,1,213,0,14.52,0.82
1520530315.399639,1,201,0,14.48,0.69
1520530315.449640,1,185,0,14.48,0.67
1520530315.499642,1,442,275,14.32,4.98
1520530315.549643,1,217,0,14.37,0.69
1520530315.599645,1,189,0,14.23,0.73
1520530315.649646,1,439,272,14.11,5.21
1520530315.699637,1,213,0,13.75,0.75
1520530315.749639,1,190,0,13.69,0.64
1520530315.799640,1,432,260,13.70,4.72
1520530315.849642,1,216,0,13.62,0.75
1520530315.899643,1,185,0,13.53,0.71
1520530315.949645,1,420,242,13.35,4.32
1520530315.999647,1,219,0,13.35,0.79
1520530316.049648,1,211,0,13.33,0.70
1520530316.100221,1,401,291,22.30,4.58
1520530316.150223,1,249,0,22.42,0.79
1520530316.200224,1,207,0,22.54,0.68
1520530316.250226,1,188,0,22.68,0.69
1520530316.300227,1,173,0,22.72,0.70
1520530316.350229,1,440,315,22.93,5.05
1520530316.400230,1,252,0,22.85,0.83
1520530316.450231,1,225,0,22.88,0.73
1520530316.500233,1,199,0,22.94,0.74
1520530316.550276,1,186,0,23.53,0.78
1520530316.600278,1,447,342,23.50,221.11
1520530316.650280,1,310,0,23.50,1.49
1520530316.700281,1,282,0,23.52,1.36
1520530316.750283,1,251,0,23.46,1.32
1520530316.800284,1,229,0,23.47,1.31
1520530316.850286,1,219,0,23.36,1.34
1520530316.900287,1,208,0,23.47,1.19
1520530316.949773,1,444,285,15.58,31.95
1520530316.999775,1,276,0,15.64,1.36
1520530317.049776,1,250,0,15.53,1.25
1520530317.099778,1,230,0,15.55,1.22
1520530317.149779,1,212,0,15.56,1.25
1520530317.199781,1,195,0,15.57,1.25
1520530317.249782,1,444,293,15.55,31.00
1520530317.299784,1,285,0,15.54,1.29
1520530317.349743,1,244,0,14.83,1.20
1520530317.399745,1,209,0,14.83,1.10
1520530317.449748,1,196,0,14.82,1.13
1520530317.499748,1,448,271,14.84,29.49
1520530317.549752,1,255,0,14.78,1.28
1520530317.599752,1,228,0,14.67,1.25
1520530317.649754,1,210,0,14.69,1.15
1520530317.699755,1,188,0,14.44,1.26
1520530317.750237,1,444,312,21.64,29.23
1520530317.800239,1,307,0,21.40,1.40
1520530317.850240,1,254,0,21.17,1.33
1520530317.900242,1,219,0,20.90,1.19
1520530317.950243,1,189,0,20.69,1.22
1520530318.000244,1,437,323,20.37,28.88
1520530318.050247,1,334,0,20.10,1.71
1520530318.100248,1,294,0,19.90,1.43
1520530318.150816,1,436,332,26.87,27.88
1520530318.200769,1,335,0,26.62,1.45
1520530318.250771,1,273,0,26.42,1.41
1520530318.300772,1,224,0,26.18,1.38
1520530318.350774,1,194,0,26.19,1.22
1520530318.400775,1,442,308,26.12,27.17
1520530318.450777,1,314,0,26.14,1.48
1520530318.500778,1,261,0,26.15,1.23
1520530318.550780,1,236,0,26.20,1.17
1520530318.600567,1,198,0,23.43,1.20
1520530318.650568,1,185,0,23.48,1.24
1520530318.700570,1,442,341,23.63,25.55
1520530318.750571,1,335,0,23.81,1.41
1520530318.800573,1,273,0,23.95,1.28
1520530318.850574,1,220,0,24.12,1.19
1520530318.900576,1,204,0,24.34,1.17
1520530318.950577,1,198,0,24.54,1.17
1520530318.999955,1,445,271,16.14,24.47
1520530319.049957,1,247,0,16.26,1.37
1520530319.099960,1,205,0,16.49,1.25
1520530319.149961,1,445,296,16.52,22.86
1520530319.199962,1,282,0,16.68,1.33
1520530319.249964,1,231,0,16.71,1.28
1520530319.299965,1,190,0,16.93,1.22
1520530319.349967,1,446,314,16.95,23.93
1520530319.399832,1,240,0,14.94,1.56
1520530319.449833,1,202,0,14.99,1.16
1520530319.499835,1,446,253,15.02,24.03
1520530319.549837,1,265,0,14.96,1.25
1520530319.599838,1,219,0,14.85,1.21
1520530319.649840,1,192,0,14.80,1.12
1520530319.699841,1,437,274,14.81,23.68
1520530319.749942,1,275,0,14.71,1.38
1520530319.800341,1,418,297,22.51,23.42
1520530319.850343,1,303,0,22.62,1.54
1520530319.900344,1,267,0,22.77,1.44
1520530319.950346,1,234,0,22.93,1.37
1520530320.000347,1,220,0,23.05,1.32
1520530320.050349,1,191,0,23.14,1.22
1520530320.100350,1,411,316,23.28,24.84
1520530320.150352,1,283,0,23.35,1.30
1520530320.200401,1,232,0,24.23,1.32
1520530320.250402,1,216,0,24.28,1.14
1520530320.300404,1,204,0,24.35,1.26
1520530320.350405,1,184,0,24.41,1.19
1520530320.400407,1,427,332,24.40,23.64
1520530320.450408,1,319,0,24.43,1.29
1520530320.500410,1,280,0,24.44,1.50
1520530320.550412,1,257,0,24.54,1.25
1520530320.599869,1,417,234,15.83,22.23
1520530320.649871,1,221,0,15.82,1.30
1520530320.699873,1,194,0,15.96,1.15
1520530320.749874,1,176,0,15.83,1.18
1520530320.799876,1,427,253,15.88,20.10
1520530320.849877,1,228,0,15.85,1.18
1520530320.899879,1,195,0,15.79,1.11
1520530320.949880,1,424,270,15.78,20.07
1520530320.999882,1,251,0,15.82,1.28
1520530321.049740,1,188,0,13.40,1.18
1520530321.099742,1,442,264,13.29,21.11
1520530321.149743,1,240,0,13.17,1.20
1520530321.199745,1,217,0,13.22,1.20
1520530321.249747,1,194,0,13.18,1.08
1520530321.299749,1,429,247,13.04,20.31
1520530321.349750,1,232,0,12.98,1.20
1520530321.399751,1,202,0,12.83,1.08
1520530321.449856,1,401,246,14.50,22.82
1520530321.499857,1,235,0,14.42,1.16
1520530321.549859,1,209,0,14.31,1.17
1520530321.599860,1,193,0,14.20,1.18
1520530321.649862,1,180,0,14.08,1.11
1520530321.699863,1,169,0,14.03,1.05
1520530321.749866,1,420,254,13.98,4.84
1520530321.799867,1,264,0,13.81,1.34
1520530321.850152,1,194,0,18.34,1.23
1520530321.900154,1,174,0,18.42,1.20
1520530321.950155,1,405,296,18.43,4.61
1520530322.000157,1,275,0,18.49,1.64
1520530322.050158,1,220,0,18.49,1.17
1520530322.100160,1,190,0,18.58,1.26
1520530322.150162,1,180,0,18.58,1.09
1520530322.200163,1,178,0,18.53,1.19
1520530322.250207,1,172,0,19.22,1.14
1520530322.300208,1,397,270,19.17,23.83
1520530322.350209,1,264,0,19.17,1.34
1520530322.400212,1,237,0,19.04,1.22
1520530322.450214,1,218,0,19.02,1.31
1520530322.500215,1,208,0,18.90,1.11
1520530322.550216,1,198,0,18.93,1.23
1520530322.600218,1,194,0,18.84,1.26
1520530322.650023,1,168,0,15.85,1.16
1520530322.700025,1,436,276,15.83,18.83
1520530322.750027,1,260,0,15.82,1.18
1520530322.800028,1,240,0,15.76,1.31
1520530322.850031,1,221,0,15.77,1.27
1520530322.900065,1,217,0,15.67,1.43
1520530322.950033,1,203,0,15.66,1.16
1520530323.000035,1,191,0,15.63,1.27
1520530323.050036,1,181,0,15.55,1.14
1520530323.100074,1,433,277,16.17,18.96
1520530323.150076,1,278,0,16.06,1.39
1520530323.200077,1,244,0,16.02,1.31
1520530323.250079,1,220,0,16.07,1.22
1520530323.300080,1,214,0,16.00,1.22
1520530323.350082,1,211,0,15.92,1.30
1520530323.400084,1,206,0,16.00,1.37
1520530323.450085,1,202,0,16.11,1.18
1520530323.500345,1,444,330,20.13,19.46
1520530323.550346,1,305,0,20.19,1.47
1520530323.600348,1,272,0,20.26,1.37
1520530323.650349,1,255,0,20.28,1.32
1520530323.700351,1,224,0,20.38,1.33
1520530323.750353,1,203,0,20.39,1.25
1520530323.800354,1,190,0,20.58,1.17
1520530323.850356,1,446,331,20.39,20.65
1520530323.900153,1,263,0,17.46,1.29
1520530323.950154,1,228,0,17.51,1.34
1520530324.000156,1,209,0,17.45,1.14
1520530324.050157,1,194,0,17.56,1.16
1520530324.100159,1,446,301,17.69,21.05
1520530324.150160,1,286,0,17.78,1.38
1520530324.200162,1,259,0,17.81,1.30
1520530324.250163,1,241,0,17.71,1.21
1520530324.299908,1,443,228,14.02,20.61
1520530324.349910,1,233,0,14.02,1.31
1520530324.399911,1,203,0,14.13,1.09
1520530324.449913,1,448,254,14.11,19.87
1520530324.499994,1,240,0,14.00,1.19
1520530324.549915,1,203,0,14.13,1.26
1520530324.599917,1,445,250,14.14,19.87
1520530324.649919,1,258,0,14.12,1.35
1520530324.700018,1,206,0,15.58,1.35
1520530324.750020,1,445,282,15.53,19.57
1520530324.800021,1,290,0,15.51,1.41
1520530324.850023,1,241,0,15.45,1.17
1520530324.900024,1,198,0,15.44,1.26
1520530324.950026,1,184,0,15.34,1.16
1520530325.000028,1,439,261,15.30,19.48
1520530325.050029,1,276,0,15.32,1.35
1520530325.100816,1,442,333,27.65,21.11
1520530325.150817,1,338,0,27.67,1.45
1520530325.200819,1,301,0,27.55,1.44
1520530325.250820,1,267,0,27.50,1.44
1520530325.300822,1,234,0,27.46,1.32
1520530325.350824,1,218,0,27.42,1.22
1520530325.400825,1,217,0,27.41,1.36
1520530325.450827,1,206,0,27.40,1.24
1520530325.500828,1,187,0,27.35,1.27
1520530325.550913,1,448,329,28.52,24.19
1520530325.600915,1,337,0,28.42,1.69
1520530325.650917,1,290,0,28.17,1.32
1520530325.700918,1,263,0,28.02,1.43
1520530325.750919,1,240,0,27.77,1.25
1520530325.800921,1,219,0,27.49,1.23
1520530325.850922,1,211,0,27.31,1.19
1520530325.900924,1,205,0,27.08,1.28
1520530325.950541,1,449,346,21.50,23.50
1520530326.000543,1,329,0,21.40,1.57
1520530326.050549,1,290,0,21.26,1.44
1520530326.100546,1,263,0,21.19,1.39
1520530326.150548,1,231,0,21.10,1.29
1520530326.200549,1,224,0,21.09,1.33
1520530326.250551,1,209,0,20.97,1.28
1520530326.300552,1,194,0,20.88,1.40
1520530326.350204,1,444,272,15.92,21.58
1520530326.400206,1,269,0,15.89,1.37
1520530326.450207,1,233,0,15.82,1.37
1520530326.500209,1,207,0,15.79,1.19
1520530326.550210,1,197,0,15.68,1.38
1520530326.600213,1,446,270,15.63,22.68
1520530326.650214,1,273,0,15.59,1.25
1520530326.700216,1,247,0,15.46,1.22
1520530326.750426,1,206,0,18.28,1.38
1520530326.800429,1,194,0,18.25,1.20
1520530326.850430,1,186,0,18.34,1.15
1520530326.900431,1,445,304,18.35,21.73
1520530326.950433,1,295,0,18.37,1.39
1520530327.000434,1,242,0,18.47,1.29
1520530327.050437,1,203,0,18.49,1.25
1520530327.100437,1,440,324,18.77,23.85
1520530327.150430,1,312,0,18.80,1.51
1520530327.200433,1,262,0,18.77,1.31
1520530327.250435,1,223,0,18.93,1.31
1520530327.300436,1,213,0,19.10,1.28
1520530327.350437,1,202,0,19.24,1.42
1520530327.400439,1,195,0,19.50,1.23
1520530327.450440,1,185,0,19.67,1.45
1520530327.500442,1,447,331,19.90,25.08
1520530327.550090,1,200,0,14.75,1.22
1520530327.600091,1,426,260,14.89,24.33
1520530327.650103,1,246,0,15.02,1.25
1520530327.700094,1,213,0,15.04,1.28
1520530327.750096,1,186,0,15.08,1.49
1520530327.800097,1,400,240,15.13,24.22
1520530327.850099,1,223,0,15.25,1.33
1520530327.900100,1,205,0,15.40,1.14
1520530327.950102,1,192,0,15.33,1.19
1520530328.000280,1,368,249,18.43,20.55
1520530328.050282,1,208,0,18.56,1.21
1520530328.100283,1,193,0,18.68,1.08
1520530328.150285,1,179,0,18.64,1.13
1520530328.200287,1,172,0,18.76,1.12
1520530328.250288,1,166,0,18.77,1.29
1520530328.300290,1,159,0,18.71,1.20
1520530328.350291,1,156,0,18.67,1.16
1520530328.400337,1,416,270,19.19,22.70
1520530328.450338,1,256,0,19.18,1.41
1520530328.500340,1,214,0,19.14,1.38
1520530328.550342,1,191,0,19.06,1.28
1520530328.600343,1,422,301,18.91,21.37
1520530328.650346,1,273,0,18.82,1.38
1520530328.700347,1,231,0,18.63,1.24
1520530328.750348,1,205,0,18.43,1.15
1520530328.800086,1,445,234,14.27,22.38
1520530328.850087,1,236,0,14.34,1.27
1520530328.900089,1,207,0,14.35,1.17
1520530328.950091,1,189,0,14.47,1.38
1520530329.000092,1,439,259,14.63,22.17
1520530329.050093,1,244,0,14.71,1.29
1520530329.100095,1,210,0,14.89,1.27
1520530329.150097,1,440,283,14.92,23.06
1520530329.200044,1,258,0,14.17,1.38
1520530329.250095,1,210,0,14.33,1.27
1520530329.300047,1,192,0,14.33,1.21
1520530329.350049,1,444,261,14.40,21.32
1520530329.400050,1,253,0,14.39,1.35
1520530329.450052,1,224,0,14.37,1.23
1520530329.500053,1,201,0,14.45,1.29
1520530329.550055,1,193,0,14.36,1.19
1520530329.600097,1,415,266,15.06,20.77
1520530329.650099,1,242,0,15.10,1.36
1520530329.700100,1,203,0,14.99,1.20
1520530329.750102,1,172,0,14.99,1.16
1520530329.800104,1,445,285,14.86,20.33
1520530329.850105,1,263,0,14.83,1.41
1520530329.900107,1,238,0,14.62,1.27
1520530329.950109,1,212,0,14.31,1.25
1520530330.000110,1,191,0,14.12,1.17
1520530330.050161,1,445,276,14.68,20.49
1520530330.100162,1,239,0,14.57,1.32
1520530330.150164,1,185,0,14.48,1.22
1520530330.200165,1,437,232,14.25,27.51
1520530330.250167,1,220,0,14.21,1.49
1520530330.300169,1,436,239,14.17,19.69
1520530330.350170,1,203,0,14.19,1.25
1520530330.400172,1,436,241,14.11,19.64
1520530330.450787,1,442,312,22.78,20.67
1520530330.500788,1,276,0,22.88,1.49
1520530330.550790,1,243,0,23.12,1.32
1520530330.600792,1,213,0,23.43,1.48
1520530330.650793,1,187,0,23.90,1.23
1520530330.700795,1,448,382,24.41,22.08
1520530330.750797,1,339,0,24.92,1.61
1520530330.800798,1,281,0,25.05,1.47
1520530330.850367,1,446,312,16.66,24.43
1520530330.900277,1,288,0,16.62,1.59
1520530330.950279,1,250,0,16.44,1.44
1520530331.000280,1,225,0,16.35,1.49
1520530331.050282,1,201,0,16.33,1.18
1520530331.100283,1,187,0,16.33,1.38
1520530331.150285,1,386,249,16.40,21.50
1520530331.200286,1,235,0,16.37,1.28
1520530331.250735,1,399,265,23.75,23.50
1520530331.300736,1,256,0,23.81,1.57
1520530331.350739,1,224,0,23.84,1.30
1520530331.400740,1,198,0,24.00,1.36
1520530331.450741,1,183,0,24.16,1.26
1520530331.500743,1,386,296,24.38,21.73
1520530331.550744,1,281,0,24.38,1.59
1520530331.600746,1,252,0,24.27,1.32
1520530331.650479,1,186,0,19.88,1.20
1520530331.700481,1,174,0,19.68,1.23
1520530331.750483,1,162,0,19.44,1.19
1520530331.800484,1,446,342,19.10,22.47
1520530331.850486,1,305,0,18.74,1.49
1520530331.900488,1,244,0,18.46,1.30
1520530331.950489,1,195,0,18.31,1.23
1520530332.000491,1,444,295,18.10,25.15
1520530332.050387,1,228,0,16.48,1.34
1520530332.100388,1,429,281,16.28,26.23
1520530332.150390,1,252,0,16.17,1.78
1520530332.200392,1,215,0,16.01,1.32
1520530332.250393,1,197,0,15.90,1.20
1520530332.300399,1,437,278,15.94,23.91
1520530332.350396,1,262,0,15.97,1.36
1520530332.400401,1,221,0,16.11,1.32
1520530332.450399,1,186,0,16.40,1.24
1520530332.500483,1,446,294,17.70,26.46
1520530332.550483,1,247,0,18.02,1.78
1520530332.600486,1,217,0,18.39,1.34
1520530332.650488,1,188,0,18.72,1.39
1520530332.700488,1,447,345,19.04,22.87
1520530332.750491,1,319,0,19.26,1.59
1520530332.800492,1,261,0,19.40,1.39
1520530332.850493,1,221,0,19.34,1.61
1520530332.900164,1,441,269,14.00,22.69
1520530332.950166,1,246,0,13.90,1.37
1520530333.000168,1,206,0,13.71,1.26
1520530333.050169,1,414,255,13.61,22.17
1520530333.100171,1,236,0,13.57,1.52
1520530333.150173,1,208,0,13.54,1.30
1520530333.200174,1,184,0,13.56,1.23
1520530333.250175,1,411,242,13.72,24.69
1520530333.300608,1,385,269,21.12,22.47
1520530333.350610,1,214,0,21.35,1.37
1520530333.400612,1,171,0,21.49,1.18
1520530333.450613,1,360,239,21.62,22.82
1520530333.500615,1,217,0,21.56,1.20
1520530333.550616,1,193,0,21.59,1.15
1520530333.600618,1,176,0,21.62,1.11
1520530333.650619,1,167,0,21.49,1.12
1520530333.700541,1,415,286,20.08,23.54
1520530333.750542,1,265,0,20.09,1.32
1520530333.800544,1,233,0,20.17,1.49
1520530333.850545,1,204,0,20.15,1.25
1520530333.900547,1,436,298,20.02,22.71
1520530333.950549,1,245,0,19.75,1.37
1520530334.000561,1,209,0,19.42,1.38
1520530334.050551,1,187,0,19.21,1.50
1520530334.100216,1,444,215,14.00,20.90
1520530334.150218,1,207,0,13.94,1.30
1520530334.200219,1,444,214,13.89,21.89
1520530334.250221,1,216,0,13.95,1.18
1520530334.300222,1,186,0,14.05,1.47
1520530334.350224,1,446,246,14.20,21.25
1520530334.400225,1,208,0,14.17,1.20
1520530334.450227,1,190,0,14.10,1.06
1520530334.500228,1,441,283,14.00,20.50
1520530334.550086,1,197,0,11.77,1.21
1520530334.600088,1,441,206,11.50,20.08
1520530334.650089,1,188,0,11.17,1.16
1520530334.700091,1,419,197,10.85,19.23
1520530334.750092,1,399,186,10.61,17.98
1520530334.800094,1,400,165,10.30,17.50
1520530334.850095,1,401,142,10.09,15.70
1520530334.900097,1,410,132,9.98,13.50
1520530334.950928,1,413,268,22.86,16.44
1520530335.000928,1,276,0,22.87,1.68
1520530335.050931,1,237,0,23.23,1.32
1520530335.100933,1,200,0,23.55,1.30
1520530335.150934,1,395,287,23.77,17.37
1520530335.200936,1,272,0,24.09,1.59
1520530335.250937,1,225,0,24.52,1.30
1520530335.300938,1,198,0,24.90,1.41
1520530335.351457,1,439,361,32.86,17.14
1520530335.401459,1,348,0,32.65,1.51
1520530335.451459,1,312,0,32.53,1.40
1520530335.501461,1,284,0,32.37,1.55
1520530335.551462,1,262,0,32.04,1.30
1520530335.601512,1,236,0,32.01,1.22
1520530335.651465,1,223,0,31.82,1.28
1520530335.701467,1,214,0,31.71,1.37
1520530335.750223,1,446,198,13.51,16.92
1520530335.800224,1,199,0,13.52,1.11
1520530335.850226,1,447,227,13.46,19.02
1520530335.900227,1,215,0,13.43,1.26
1520530335.950228,1,444,251,13.69,19.17
1520530336.000230,1,226,0,13.63,1.27
1520530336.050231,1,433,265,13.63,19.73
1520530336.100233,1,244,0,13.42,1.19
1520530336.150177,1,210,0,12.53,1.20
1520530336.200179,1,195,0,12.50,1.21
1520530336.250180,1,441,257,12.53,2.83
1520530336.300182,1,238,0,12.52,1.20
1520530336.350183,1,211,0,12.57,1.31
1520530336.400185,1,193,0,12.69,1.27
1520530336.450186,1,438,263,12.77,2.93
1520530336.500188,1,246,0,12.95,1.24
1520530336.550582,1,391,265,19.36,2.77
1520530336.600584,1,249,0,19.35,1.30
1520530336.650586,1,221,0,19.43,1.16
1520530336.700586,1,205,0,19.35,1.29
1520530336.750588,1,194,0,19.23,1.32
1520530336.800590,1,193,0,19.22,1.34
1520530336.850591,1,173,0,19.12,1.22
1520530336.900594,1,162,0,19.19,1.10
1520530336.950594,1,446,317,19.16,2.97
1520530337.000258,1,196,0,13.91,1.18
1520530337.050259,1,446,264,13.81,2.99
1520530337.100266,1,233,0,13.73,1.29
1520530337.150262,1,185,0,13.69,1.05
1520530337.200351,1,441,266,13.64,2.91
1520530337.250265,1,242,0,13.56,1.26
1520530337.300267,1,212,0,13.40,1.25
1520530337.350269,1,187,0,13.19,1.35
1520530337.400301,1,444,272,13.53,3.18
1520530337.450303,1,216,0,13.41,1.35
1520530337.500304,1,442,237,13.20,2.76
1520530337.550306,1,217,0,12.94,1.40
1520530337.600307,1,432,225,12.65,3.14
1520530337.650309,1,210,0,12.58,1.29
1520530337.700310,1,426,219,12.51,2.82
1520530337.750312,1,210,0,12.43,1.32
1520530337.800854,1,437,291,20.01,20.99
1520530337.850855,1,289,0,19.95,1.45
1520530337.900856,1,228,0,19.89,1.20
1520530337.950858,1,192,0,19.68,1.21
1520530338.000860,1,448,323,19.76,20.90
1520530338.050862,1,305,0,19.82,1.49
1520530338.100863,1,255,0,19.90,1.53
1520530338.150864,1,229,0,20.05,1.31
1520530338.200470,1,446,225,14.86,21.82
1520530338.250473,1,224,0,15.10,1.20
1520530338.300474,1,444,232,15.17,19.57
1520530338.350476,1,218,0,15.46,1.22
1520530338.400477,1,444,273,15.69,18.46
1520530338.450478,1,246,0,15.90,1.51
1520530338.500480,1,215,0,16.02,1.28
1520530338.550481,1,191,0,16.11,1.13
1520530338.600260,1,441,246,12.69,20.12
1520530338.650261,1,212,0,12.51,1.25
1520530338.700263,1,436,257,12.53,19.48
1520530338.750266,1,217,0,12.21,1.28
1520530338.800266,1,429,225,12.03,19.94
1520530338.850267,1,200,0,11.89,1.32
1520530338.900269,1,404,225,11.66,18.36
1520530338.950270,1,212,0,11.39,1.25
1520530339.000272,1,425,201,11.07,18.09
1520530339.050959,1,413,274,21.77,18.32
1520530339.100960,1,260,0,21.62,1.43
1520530339.150962,1,209,0,21.40,1.50
1520530339.200963,1,184,0,21.46,1.18
1520530339.250965,1,380,233,21.32,17.34
1520530339.300966,1,225,0,21.51,1.31
1520530339.350968,1,195,0,21.68,1.20
1520530339.400970,1,179,0,22.05,1.17
1520530339.451687,1,419,259,33.95,18.76
1520530339.501689,1,256,0,34.81,1.41
1520530339.551691,1,222,0,35.51,1.26
1520530339.601692,1,199,0,36.15,1.32
1520530339.651693,1,177,0,36.44,1.15
1520530339.701695,1,400,298,36.65,19.67
1520530339.751697,1,284,0,36.70,1.40
1520530339.801698,1,213,0,36.67,1.21
1520530339.851056,1,411,295,25.89,19.68
1520530339.901057,1,286,0,25.88,1.40
1520530339.951059,1,224,0,25.77,1.27
1520530340.001061,1,208,0,25.75,1.34
1520530340.051062,1,178,0,25.70,1.22
1520530340.101063,1,398,330,25.61,20.38
1520530340.151065,1,309,0,25.60,1.36
1520530340.201067,1,273,0,25.54,1.35
1520530340.250395,1,432,245,14.71,21.99
1520530340.300397,1,233,0,14.60,1.24
1520530340.350399,1,197,0,14.54,1.45
1520530340.400400,1,447,267,14.45,22.18
1520530340.450401,1,266,0,14.38,1.29
1520530340.500403,1,235,0,14.28,1.25
1520530340.550404,1,207,0,14.17,1.20
1520530340.600406,1,190,0,14.09,1.17
1520530340.650347,1,447,275,13.02,22.97
1520530340.700348,1,246,0,12.93,1.32
