t,tracked,n_obs0,n_obs1,mean0,ms,keyframe,n_landmarks
1700000000.000000,0,0,0,116.70,2.57,0,0
1700000000.050000,0,0,0,116.70,1.87,0,0
1700000000.100000,0,0,0,116.71,1.84,0,0
1700000000.150000,0,0,0,116.71,1.87,0,0
1700000000.200000,0,0,0,116.71,1.82,0,0
1700000000.250000,0,0,0,116.71,1.77,0,0
1700000000.300000,0,0,0,116.71,1.80,0,0
1700000000.350000,0,0,0,116.71,1.88,0,0
1700000000.400000,0,0,0,116.71,1.83,0,0
1700000000.450000,0,0,0,116.71,1.78,0,0
1700000000.500000,0,0,0,116.71,1.79,0,0
1700000000.550000,0,0,0,116.70,1.77,0,0
1700000000.600000,0,0,0,116.71,1.81,0,0
1700000000.650000,0,0,0,116.72,1.78,0,0
1700000000.700000,0,0,0,116.71,1.78,0,0
1700000000.750000,0,0,0,116.72,1.78,0,0
1700000000.800000,0,0,0,116.71,1.80,0,0
1700000000.850000,0,0,0,116.71,1.77,0,0
1700000000.900000,1,244,0,116.71,41.13,1,0
1700000000.950000,1,300,0,116.71,44.40,0,0
1700000001.000000,1,300,0,116.71,44.39,0,0
1700000001.050000,1,300,0,116.72,48.28,1,49
1700000001.100000,1,300,0,116.72,44.63,0,49
1700000001.150000,1,300,0,116.71,45.31,0,49
1700000001.200000,1,300,0,116.70,50.53,1,28
1700000001.250000,1,300,0,116.72,45.92,0,28
1700000001.300000,1,300,0,116.72,44.44,0,28
1700000001.350000,1,300,0,116.72,49.45,1,26
1700000001.400000,1,300,0,116.71,44.56,0,26
1700000001.450000,1,300,0,116.71,44.10,0,26
1700000001.500000,1,300,0,116.71,52.07,1,26
1700000001.550000,1,300,0,116.70,44.20,0,26
1700000001.600000,1,300,0,116.71,44.86,0,26
1700000001.650000,1,300,0,116.70,50.79,1,42
1700000001.700000,1,300,0,116.70,45.33,0,42
1700000001.750000,1,300,0,116.71,44.70,0,42
1700000001.800000,1,300,0,116.70,52.04,1,86
1700000001.850000,1,300,0,116.72,44.93,0,86
1700000001.900000,1,300,0,116.71,44.55,0,86
1700000001.950000,1,300,0,116.71,53.99,1,99
1700000002.000000,1,300,0,116.71,44.77,0,99
1700000002.050000,1,300,0,116.72,44.18,0,99
1700000002.100000,1,300,0,116.72,56.80,1,132
1700000002.150000,1,300,0,116.73,45.10,0,132
1700000002.200000,1,300,0,116.73,45.86,0,132
1700000002.250000,1,300,0,116.72,58.62,1,142
1700000002.300000,1,300,0,116.73,45.85,0,142
1700000002.350000,1,300,0,116.73,45.26,0,142
1700000002.400000,1,300,0,116.75,56.37,1,152
1700000002.450000,1,300,0,116.76,45.42,0,152
1700000002.500000,1,300,0,116.76,46.54,0,152
1700000002.550000,1,300,0,116.77,62.05,1,165
1700000002.600000,1,300,0,116.77,46.18,0,165
1700000002.650000,1,300,0,116.78,45.30,0,165
1700000002.700000,1,300,0,116.79,64.25,1,171
1700000002.750000,1,300,0,116.80,45.86,0,171
1700000002.800000,1,300,0,116.80,46.14,0,171
1700000002.850000,1,300,0,116.82,66.53,1,180
1700000002.900000,1,300,0,116.83,45.73,0,180
1700000002.950000,1,300,0,116.84,46.59,0,180
1700000003.000000,1,300,0,116.87,68.08,1,184
1700000003.050000,1,300,0,116.87,45.22,0,184
1700000003.100000,1,300,0,116.88,44.47,0,184
1700000003.150000,1,300,0,116.91,69.76,1,188
1700000003.200000,1,300,0,116.95,44.47,0,188
1700000003.250000,1,300,0,116.96,44.95,0,188
1700000003.300000,1,300,0,116.98,70.40,1,199
1700000003.350000,1,300,0,116.99,45.25,0,199
1700000003.400000,1,300,0,116.98,45.16,0,199
1700000003.450000,1,300,0,116.97,67.58,1,204
1700000003.500000,1,300,0,116.97,44.52,0,204
1700000003.550000,1,300,0,116.95,44.23,0,204
1700000003.600000,1,300,0,116.96,68.94,1,214
1700000003.650000,1,300,0,116.95,45.04,0,214
1700000003.700000,1,300,0,116.94,43.77,0,214
1700000003.750000,1,300,0,116.94,57.83,1,224
1700000003.800000,1,300,0,116.93,70.52,0,224
1700000003.850000,1,300,0,116.92,44.31,0,224
1700000003.900000,1,300,0,116.91,101.05,1,232
1700000003.950000,1,300,0,116.90,43.99,0,232
1700000004.000000,1,300,0,116.90,44.86,0,232
1700000004.050000,1,300,0,116.89,76.67,1,242
1700000004.100000,1,300,0,116.87,44.62,0,242
1700000004.150000,1,300,0,116.88,45.30,0,242
1700000004.200000,1,300,0,116.92,83.55,1,252
1700000004.250000,1,300,0,116.95,45.46,0,252
1700000004.300000,1,300,0,116.99,56.89,0,252
1700000004.350000,1,300,0,116.98,87.74,1,264
1700000004.400000,1,300,0,116.96,72.34,0,264
1700000004.450000,1,300,0,116.93,45.58,0,264
1700000004.500000,1,300,0,116.93,90.96,1,273
1700000004.550000,1,300,0,116.94,46.13,0,273
1700000004.600000,1,300,0,116.94,45.35,0,273
1700000004.650000,1,300,0,116.97,78.80,1,278
1700000004.700000,1,300,0,117.01,46.04,0,278
1700000004.750000,1,300,0,117.03,45.44,0,278
1700000004.800000,1,300,0,117.03,73.82,1,286
1700000004.850000,1,300,0,117.02,45.92,0,286
1700000004.900000,1,300,0,117.02,44.77,0,286
1700000004.950000,1,300,0,117.01,69.47,1,301
1700000005.000000,1,300,0,117.01,45.26,0,301
1700000005.050000,1,300,0,116.99,45.89,0,301
1700000005.100000,1,300,0,116.97,127.02,1,290
1700000005.150000,1,300,0,116.96,46.57,0,290
1700000005.200000,1,300,0,116.92,43.76,0,290
1700000005.250000,1,300,0,116.89,89.95,1,297
1700000005.300000,1,300,0,116.85,44.21,0,297
1700000005.350000,1,300,0,116.80,43.87,0,297
1700000005.400000,1,300,0,116.74,83.10,1,304
1700000005.450000,1,300,0,116.67,43.89,0,304
1700000005.500000,1,300,0,116.59,44.34,0,304
1700000005.550000,1,300,0,116.53,87.15,1,293
1700000005.600000,1,300,0,116.44,44.15,0,293
1700000005.650000,1,300,0,116.36,43.86,0,293
1700000005.700000,1,300,0,116.26,80.85,1,297
1700000005.750000,1,300,0,116.18,43.29,0,297
1700000005.800000,1,300,0,116.08,44.26,0,297
1700000005.850000,1,300,0,115.94,90.31,1,284
1700000005.900000,1,300,0,115.83,43.99,0,284
1700000005.950000,1,300,0,115.66,43.76,0,284
1700000006.000000,1,300,0,115.46,76.33,1,282
1700000006.050000,1,300,0,115.22,43.60,0,282
1700000006.100000,1,300,0,114.94,43.36,0,282
1700000006.150000,1,300,0,114.61,74.94,1,264
1700000006.200000,1,300,0,114.20,55.09,0,264
1700000006.250000,1,300,0,113.75,43.41,0,264
1700000006.300000,1,300,0,113.27,68.26,1,264
1700000006.350000,1,300,0,112.79,44.93,0,264
1700000006.400000,1,300,0,116.65,52.40,0,264
1700000006.450000,1,300,0,116.64,73.67,1,265
1700000006.500000,1,300,0,116.59,44.16,0,265
1700000006.550000,1,300,0,116.58,43.90,0,265
1700000006.600000,1,300,0,116.57,73.17,1,293
1700000006.650000,1,300,0,116.55,44.01,0,293
1700000006.700000,1,300,0,116.53,43.99,0,293
1700000006.750000,1,300,0,116.53,60.12,1,295
1700000006.800000,1,300,0,116.52,43.43,0,295
1700000006.850000,1,300,0,110.64,52.48,0,295
1700000006.900000,1,300,0,112.15,60.62,1,288
1700000006.950000,1,300,0,113.36,43.97,0,288
1700000007.000000,1,300,0,113.95,43.82,0,288
1700000007.050000,1,300,0,114.25,60.28,1,347
1700000007.100000,1,300,0,114.49,44.33,0,347
1700000007.150000,1,300,0,114.63,43.90,0,347
1700000007.200000,1,300,0,114.76,61.76,1,366
1700000007.250000,1,300,0,114.87,44.91,0,366
1700000007.300000,1,300,0,114.98,44.77,0,366
1700000007.350000,1,300,0,115.08,62.07,1,366
1700000007.400000,1,300,0,115.18,45.20,0,366
1700000007.450000,1,300,0,115.27,45.55,0,366
1700000007.500000,1,300,0,115.36,62.79,1,367
1700000007.550000,1,300,0,115.44,45.05,0,367
1700000007.600000,1,300,0,115.55,45.56,0,367
1700000007.650000,1,300,0,115.62,64.38,1,362
1700000007.700000,1,300,0,115.70,45.82,0,362
1700000007.750000,1,300,0,115.78,45.92,0,362
1700000007.800000,1,300,0,115.87,70.89,1,358
1700000007.850000,1,300,0,115.94,45.67,0,358
1700000007.900000,1,300,0,116.01,44.77,0,358
1700000007.950000,1,300,0,116.08,74.98,1,363
1700000008.000000,1,300,0,116.14,45.27,0,363
1700000008.050000,1,300,0,116.22,45.33,0,363
1700000008.100000,1,300,0,116.28,68.08,1,358
1700000008.150000,1,300,0,116.37,45.05,0,358
1700000008.200000,1,300,0,116.45,44.98,0,358
1700000008.250000,1,300,0,116.53,63.77,1,357
1700000008.300000,1,300,0,116.61,44.43,0,357
1700000008.350000,1,300,0,116.70,44.98,0,357
1700000008.400000,1,300,0,116.76,64.02,1,353
1700000008.450000,1,300,0,116.83,44.74,0,353
1700000008.500000,1,300,0,116.89,45.07,0,353
1700000008.550000,1,300,0,116.99,63.93,1,360
1700000008.600000,1,300,0,117.09,45.81,0,360
1700000008.650000,1,300,0,117.22,44.79,0,360
1700000008.700000,1,300,0,117.35,89.26,1,364
1700000008.750000,1,300,0,117.49,44.96,0,364
1700000008.800000,1,300,0,117.62,45.14,0,364
1700000008.850000,1,300,0,117.74,89.98,1,376
1700000008.900000,1,300,0,117.86,44.76,0,376
1700000008.950000,1,300,0,117.96,45.18,0,376
1700000009.000000,1,300,0,118.03,84.88,1,370
1700000009.050000,1,300,0,118.10,44.84,0,370
1700000009.100000,1,300,0,118.17,45.92,0,370
1700000009.150000,1,300,0,118.26,87.10,1,371
1700000009.200000,1,300,0,118.35,50.51,0,371
1700000009.250000,1,300,0,118.40,45.12,0,371
1700000009.300000,1,300,0,118.46,90.55,1,361
1700000009.350000,1,300,0,118.52,46.03,0,361
1700000009.400000,1,300,0,118.56,45.99,0,361
1700000009.450000,1,300,0,118.57,90.61,1,361
1700000009.500000,1,300,0,118.57,47.11,0,361
1700000009.550000,1,300,0,118.54,46.18,0,361
1700000009.600000,1,300,0,118.53,92.78,1,361
1700000009.650000,1,300,0,118.52,45.84,0,361
1700000009.700000,1,300,0,118.51,46.18,0,361
1700000009.750000,1,300,0,118.48,92.04,1,353
1700000009.800000,1,300,0,118.45,45.95,0,353
1700000009.850000,1,300,0,118.45,46.24,0,353
1700000009.900000,1,300,0,118.44,95.17,1,350
1700000009.950000,1,300,0,118.46,45.69,0,350
1700000010.000000,1,300,0,118.47,47.29,0,350
1700000010.050000,1,300,0,118.49,96.87,1,344
1700000010.100000,1,300,0,118.49,47.09,0,344
1700000010.150000,1,300,0,118.49,47.49,0,344
1700000010.200000,1,300,0,118.49,99.99,1,342
1700000010.250000,1,300,0,118.48,46.47,0,342
1700000010.300000,1,300,0,118.47,47.26,0,342
1700000010.350000,1,300,0,118.46,104.60,1,345
1700000010.400000,1,300,0,118.43,46.87,0,345
1700000010.450000,1,300,0,118.44,46.95,0,345
1700000010.500000,1,300,0,118.43,102.18,1,351
1700000010.550000,1,300,0,118.43,47.23,0,351
1700000010.600000,1,300,0,118.45,46.93,0,351
1700000010.650000,1,300,0,118.45,97.11,1,321
1700000010.700000,1,300,0,118.47,46.37,0,321
1700000010.750000,1,300,0,118.48,47.04,0,321
1700000010.800000,1,300,0,118.50,98.28,1,329
1700000010.850000,1,300,0,118.51,46.59,0,329
1700000010.900000,1,300,0,118.51,46.52,0,329
1700000010.950000,1,300,0,118.53,78.63,1,333
1700000011.000000,1,300,0,118.54,46.49,0,333
1700000011.050000,1,300,0,118.51,46.45,0,333
1700000011.100000,1,300,0,118.49,90.19,1,273
1700000011.150000,1,300,0,118.47,45.61,0,273
1700000011.200000,1,300,0,118.44,46.07,0,273
1700000011.250000,1,300,0,118.40,79.78,1,296
1700000011.300000,1,300,0,118.35,45.02,0,296
1700000011.350000,1,300,0,118.29,44.98,0,296
1700000011.400000,1,300,0,118.24,80.55,1,303
1700000011.450000,1,300,0,118.18,45.31,0,303
1700000011.500000,1,300,0,118.11,44.91,0,303
1700000011.550000,1,300,0,118.03,82.25,1,306
1700000011.600000,1,300,0,117.94,45.41,0,306
1700000011.650000,1,300,0,117.85,44.84,0,306
1700000011.700000,1,300,0,117.77,82.36,1,308
1700000011.750000,1,300,0,117.67,44.39,0,308
1700000011.800000,1,300,0,117.57,45.22,0,308
1700000011.850000,1,300,0,117.47,83.62,1,305
1700000011.900000,1,300,0,117.34,44.32,0,305
1700000011.950000,1,300,0,117.24,44.64,0,305
1700000012.000000,1,300,0,117.11,84.79,1,299
1700000012.050000,1,300,0,116.99,44.11,0,299
1700000012.100000,1,300,0,116.88,44.43,0,299
1700000012.150000,1,300,0,116.75,86.17,1,301
1700000012.200000,1,300,0,116.61,44.79,0,301
1700000012.250000,1,300,0,116.48,44.72,0,301
1700000012.300000,1,300,0,116.36,85.80,1,295
1700000012.350000,1,300,0,116.24,43.77,0,295
1700000012.400000,1,300,0,116.11,43.99,0,295
1700000012.450000,1,300,0,116.00,87.67,1,297
1700000012.500000,1,300,0,115.89,44.69,0,297
1700000012.550000,1,300,0,115.78,44.62,0,297
1700000012.600000,1,300,0,115.66,89.22,1,286
1700000012.650000,1,300,0,115.56,43.73,0,286
1700000012.700000,1,300,0,115.44,43.56,0,286
1700000012.750000,1,300,0,115.33,86.94,1,284
1700000012.800000,1,300,0,115.23,43.52,0,284
1700000012.850000,1,300,0,115.12,43.71,0,284
1700000012.900000,1,300,0,115.02,84.95,1,272
1700000012.950000,1,300,0,114.91,43.61,0,272
1700000013.000000,1,300,0,114.82,44.09,0,272
1700000013.050000,1,300,0,114.73,86.92,1,275
1700000013.100000,1,300,0,114.64,43.96,0,275
1700000013.150000,1,300,0,114.54,44.10,0,275
1700000013.200000,1,300,0,114.46,88.27,1,278
1700000013.250000,1,300,0,114.39,44.86,0,278
1700000013.300000,1,300,0,114.32,44.81,0,278
1700000013.350000,1,300,0,114.25,91.34,1,276
1700000013.400000,1,300,0,114.18,44.51,0,276
1700000013.450000,1,300,0,114.14,44.88,0,276
1700000013.500000,1,300,0,114.09,104.19,1,275
1700000013.550000,1,300,0,114.06,43.67,0,275
1700000013.600000,1,300,0,114.04,44.43,0,275
1700000013.650000,1,300,0,114.03,93.26,1,273
1700000013.700000,1,300,0,114.01,43.64,0,273
1700000013.750000,1,300,0,114.02,43.56,0,273
1700000013.800000,1,300,0,114.01,74.39,1,272
1700000013.850000,1,300,0,114.03,43.13,0,272
1700000013.900000,1,300,0,114.03,43.29,0,272
1700000013.950000,1,300,0,114.06,81.48,1,274
1700000014.000000,1,300,0,114.07,44.23,0,274
1700000014.050000,1,300,0,114.08,44.59,0,274
1700000014.100000,1,300,0,114.11,77.84,1,274
1700000014.150000,1,300,0,114.12,45.61,0,274
1700000014.200000,1,300,0,114.14,45.07,0,274
1700000014.250000,1,300,0,114.16,78.21,1,275
1700000014.300000,1,300,0,114.19,45.97,0,275
1700000014.350000,1,300,0,114.22,45.78,0,275
1700000014.400000,1,300,0,114.24,70.11,1,271
1700000014.450000,1,300,0,114.27,45.44,0,271
1700000014.500000,1,300,0,114.26,45.86,0,271
1700000014.550000,1,300,0,114.28,82.01,1,261
1700000014.600000,1,300,0,114.28,45.54,0,261
1700000014.650000,1,300,0,114.28,45.83,0,261
1700000014.700000,1,300,0,114.28,70.76,1,261
1700000014.750000,1,300,0,114.29,45.54,0,261
1700000014.800000,1,300,0,114.30,45.68,0,261
1700000014.850000,1,300,0,114.31,68.29,1,251
1700000014.900000,1,300,0,114.30,44.97,0,251
1700000014.950000,1,300,0,114.31,46.10,0,251
1700000015.000000,1,300,0,114.31,79.86,1,263
1700000015.050000,1,300,0,114.32,45.22,0,263
1700000015.100000,1,300,0,114.33,45.92,0,263
1700000015.150000,1,300,0,114.31,80.06,1,264
1700000015.200000,1,300,0,114.31,44.54,0,264
1700000015.250000,1,300,0,114.32,44.67,0,264
1700000015.300000,1,300,0,114.32,66.45,1,225
1700000015.350000,1,300,0,114.31,44.68,0,225
1700000015.400000,1,300,0,114.32,45.11,0,225
1700000015.450000,1,300,0,114.32,63.84,1,247
1700000015.500000,1,300,0,114.32,44.71,0,247
1700000015.550000,1,300,0,114.33,44.70,0,247
1700000015.600000,1,300,0,114.32,67.19,1,251
1700000015.650000,1,300,0,114.32,43.95,0,251
1700000015.700000,1,300,0,114.34,44.68,0,251
1700000015.750000,1,300,0,114.33,68.64,1,248
1700000015.800000,1,300,0,114.33,44.41,0,248
1700000015.850000,1,300,0,114.35,45.11,0,248
1700000015.900000,1,300,0,114.36,73.45,1,252
1700000015.950000,1,300,0,114.38,45.04,0,252
1700000016.000000,1,300,0,114.40,44.95,0,252
1700000016.050000,1,300,0,114.42,74.19,1,248
1700000016.100000,1,300,0,114.44,44.97,0,248
1700000016.150000,1,300,0,114.46,44.76,0,248
1700000016.200000,1,300,0,114.49,73.90,1,253
1700000016.250000,1,300,0,114.50,44.29,0,253
1700000016.300000,1,300,0,114.51,45.19,0,253
1700000016.350000,1,300,0,114.53,60.87,1,252
1700000016.400000,1,300,0,114.54,44.94,0,252
1700000016.450000,1,300,0,114.55,44.51,0,252
1700000016.500000,1,300,0,114.58,64.42,1,249
1700000016.550000,1,300,0,114.59,43.69,0,249
1700000016.600000,1,300,0,114.60,44.03,0,249
1700000016.650000,1,300,0,114.61,65.14,1,250
1700000016.700000,1,300,0,114.62,44.75,0,250
1700000016.750000,1,300,0,114.63,45.14,0,250
1700000016.800000,1,300,0,114.63,62.48,1,244
1700000016.850000,1,300,0,114.63,45.19,0,244
1700000016.900000,1,300,0,114.63,45.23,0,244
1700000016.950000,1,300,0,114.64,79.59,1,242
1700000017.000000,1,300,0,114.64,58.70,0,242
1700000017.050000,1,300,0,114.65,45.81,0,242
1700000017.100000,1,300,0,114.63,67.29,1,233
1700000017.150000,1,300,0,114.65,45.11,0,233
1700000017.200000,1,300,0,114.64,73.92,0,233
1700000017.250000,1,300,0,114.65,81.75,1,226
1700000017.300000,1,300,0,114.69,56.85,0,226
1700000017.350000,1,300,0,114.70,45.65,0,226
1700000017.400000,1,300,0,114.73,108.76,1,226
1700000017.450000,1,300,0,114.75,45.35,0,226
1700000017.500000,1,300,0,114.78,45.05,0,226
1700000017.550000,1,300,0,114.79,72.82,1,220
1700000017.600000,1,300,0,114.82,72.01,0,220
1700000017.650000,1,300,0,114.87,44.85,0,220
1700000017.700000,1,300,0,114.91,82.33,1,223
1700000017.750000,1,300,0,114.97,44.67,0,223
1700000017.800000,1,300,0,115.02,46.09,0,223
1700000017.850000,1,300,0,115.07,65.17,1,222
1700000017.900000,1,300,0,115.14,45.12,0,222
1700000017.950000,1,300,0,115.19,45.41,0,222
1700000018.000000,1,300,0,115.24,81.20,1,217
1700000018.050000,1,300,0,115.30,45.84,0,217
1700000018.100000,1,300,0,115.35,45.77,0,217
1700000018.150000,1,300,0,115.39,82.52,1,220
1700000018.200000,1,300,0,115.43,45.99,0,220
1700000018.250000,1,300,0,115.45,46.19,0,220
1700000018.300000,1,300,0,115.50,82.79,1,220
1700000018.350000,1,300,0,115.52,45.64,0,220
1700000018.400000,1,300,0,115.55,45.46,0,220
1700000018.450000,1,300,0,115.59,64.85,1,217
1700000018.500000,1,300,0,115.61,45.73,0,217
1700000018.550000,1,300,0,115.62,45.55,0,217
1700000018.600000,1,300,0,115.62,64.38,1,226
1700000018.650000,1,300,0,115.63,45.28,0,226
1700000018.700000,1,300,0,115.65,45.01,0,226
1700000018.750000,1,300,0,115.67,79.68,1,229
1700000018.800000,1,300,0,115.70,45.84,0,229
1700000018.850000,1,300,0,115.71,44.60,0,229
1700000018.900000,1,300,0,115.74,66.06,1,238
1700000018.950000,1,300,0,115.76,44.98,0,238
1700000019.000000,1,300,0,115.78,45.39,0,238
1700000019.050000,1,300,0,115.78,63.75,1,247
1700000019.100000,1,300,0,115.80,44.84,0,247
1700000019.150000,1,300,0,115.82,46.21,0,247
1700000019.200000,1,300,0,115.81,63.95,1,256
1700000019.250000,1,300,0,115.82,44.95,0,256
1700000019.300000,1,300,0,115.82,57.38,0,256
1700000019.350000,1,300,0,115.82,80.17,1,255
1700000019.400000,1,300,0,115.84,71.96,0,255
1700000019.450000,1,300,0,115.86,44.98,0,255
1700000019.500000,1,300,0,115.87,89.08,1,233
1700000019.550000,1,300,0,115.88,44.65,0,233
1700000019.600000,1,300,0,115.89,71.02,0,233
1700000019.650000,1,300,0,115.89,68.77,1,246
1700000019.700000,1,300,0,115.88,43.42,0,246
1700000019.750000,1,300,0,115.87,43.77,0,246
1700000019.800000,1,300,0,115.86,86.62,1,257
1700000019.850000,1,300,0,115.85,43.66,0,257
1700000019.900000,1,300,0,115.83,43.43,0,257
1700000019.950000,1,300,0,115.82,76.45,1,255
1700000020.000000,1,300,0,115.80,43.56,0,255
1700000020.050000,1,300,0,115.76,43.72,0,255
1700000020.100000,1,300,0,115.71,78.59,1,258
1700000020.150000,1,300,0,115.67,43.96,0,258
1700000020.200000,1,300,0,115.63,43.52,0,258
1700000020.250000,1,300,0,115.58,78.82,1,251
1700000020.300000,1,300,0,115.53,43.78,0,251
1700000020.350000,1,300,0,115.48,44.66,0,251
1700000020.400000,1,300,0,115.44,107.01,1,256
1700000020.450000,1,300,0,115.39,44.56,0,256
1700000020.500000,1,300,0,115.35,44.69,0,256
1700000020.550000,1,300,0,115.31,78.83,1,253
1700000020.600000,1,300,0,115.25,43.69,0,253
1700000020.650000,1,300,0,115.21,44.34,0,253
1700000020.700000,1,300,0,115.16,102.56,1,265
1700000020.750000,1,300,0,115.11,43.52,0,265
1700000020.800000,1,300,0,115.03,43.60,0,265
1700000020.850000,1,300,0,114.98,79.60,1,271
1700000020.900000,1,300,0,114.91,43.68,0,271
1700000020.950000,1,300,0,114.82,43.55,0,271
1700000021.000000,1,300,0,114.77,67.83,1,272
1700000021.050000,1,300,0,114.72,44.23,0,272
1700000021.100000,1,300,0,114.65,44.58,0,272
1700000021.150000,1,300,0,114.60,83.32,1,279
1700000021.200000,1,300,0,114.52,45.35,0,279
1700000021.250000,1,300,0,114.46,45.76,0,279
1700000021.300000,1,300,0,114.38,84.37,1,280
1700000021.350000,1,300,0,114.30,44.73,0,280
1700000021.400000,1,300,0,114.22,45.16,0,280
1700000021.450000,1,300,0,114.13,70.80,1,278
1700000021.500000,1,300,0,114.04,44.62,0,278
1700000021.550000,1,300,0,113.93,45.72,0,278
1700000021.600000,1,300,0,113.82,86.38,1,283
1700000021.650000,1,300,0,113.70,45.08,0,283
1700000021.700000,1,300,0,113.59,45.37,0,283
1700000021.750000,1,300,0,113.47,89.02,1,282
1700000021.800000,1,300,0,113.37,45.24,0,282
1700000021.850000,1,300,0,113.27,45.50,0,282
1700000021.900000,1,300,0,113.18,87.06,1,273
1700000021.950000,1,300,0,113.11,46.15,0,273
1700000022.000000,1,300,0,113.01,45.20,0,273
1700000022.050000,1,300,0,112.95,93.58,1,272
1700000022.100000,1,300,0,112.87,44.99,0,272
1700000022.150000,1,300,0,112.79,45.50,0,272
1700000022.200000,1,300,0,112.72,71.46,1,270
1700000022.250000,1,300,0,112.65,45.31,0,270
1700000022.300000,1,300,0,112.59,45.78,0,270
1700000022.350000,1,300,0,112.53,67.31,1,272
1700000022.400000,1,300,0,112.49,45.84,0,272
1700000022.450000,1,300,0,112.43,45.89,0,272
1700000022.500000,1,300,0,112.41,93.15,1,275
1700000022.550000,1,300,0,112.38,45.48,0,275
1700000022.600000,1,300,0,112.38,46.01,0,275
1700000022.650000,1,300,0,112.38,71.97,1,268
1700000022.700000,1,300,0,112.36,47.86,0,268
1700000022.750000,1,300,0,112.40,46.72,0,268
1700000022.800000,1,300,0,112.40,73.83,1,275
1700000022.850000,1,300,0,112.42,47.48,0,275
1700000022.900000,1,300,0,112.44,47.33,0,275
1700000022.950000,1,300,0,112.46,73.46,1,274
1700000023.000000,1,300,0,112.47,46.80,0,274
1700000023.050000,1,300,0,112.47,46.94,0,274
1700000023.100000,1,300,0,112.52,70.57,1,264
1700000023.150000,1,300,0,112.54,45.26,0,264
1700000023.200000,1,300,0,112.57,45.63,0,264
1700000023.250000,1,300,0,112.59,69.08,1,258
1700000023.300000,1,300,0,112.63,45.73,0,258
1700000023.350000,1,300,0,112.66,46.29,0,258
1700000023.400000,1,300,0,112.70,71.85,1,260
1700000023.450000,1,300,0,112.72,45.71,0,260
1700000023.500000,1,300,0,112.76,45.97,0,260
1700000023.550000,1,300,0,112.80,74.77,1,253
1700000023.600000,1,300,0,112.84,46.16,0,253
1700000023.650000,1,300,0,112.88,46.32,0,253
1700000023.700000,1,300,0,112.93,68.42,1,237
1700000023.750000,1,300,0,112.96,45.37,0,237
1700000023.800000,1,300,0,113.00,47.49,0,237
1700000023.850000,1,300,0,113.04,67.27,1,238
1700000023.900000,1,300,0,113.09,46.46,0,238
1700000023.950000,1,300,0,113.12,47.05,0,238
1700000024.000000,1,300,0,113.17,67.87,1,244
1700000024.050000,1,300,0,113.21,47.35,0,244
1700000024.100000,1,300,0,113.24,46.30,0,244
1700000024.150000,1,300,0,113.29,64.32,1,244
1700000024.200000,1,300,0,113.32,45.96,0,244
1700000024.250000,1,300,0,113.34,45.27,0,244
1700000024.300000,1,300,0,113.37,67.46,1,248
1700000024.350000,1,300,0,113.37,45.63,0,248
1700000024.400000,1,300,0,113.40,44.38,0,248
1700000024.450000,1,300,0,113.41,67.47,1,245
1700000024.500000,1,300,0,113.44,45.10,0,245
1700000024.550000,1,300,0,113.46,44.86,0,245
1700000024.600000,1,300,0,113.47,67.85,1,250
1700000024.650000,1,300,0,113.49,44.05,0,250
1700000024.700000,1,300,0,113.51,45.03,0,250
1700000024.750000,1,300,0,113.52,68.43,1,248
1700000024.800000,1,300,0,113.54,44.22,0,248
1700000024.850000,1,300,0,113.56,44.31,0,248
1700000024.900000,1,300,0,113.58,67.45,1,252
1700000024.950000,1,300,0,113.58,44.19,0,252
1700000025.000000,1,300,0,113.60,44.44,0,252
1700000025.050000,1,300,0,113.62,63.68,1,253
1700000025.100000,1,300,0,113.63,45.16,0,253
1700000025.150000,1,300,0,113.65,44.30,0,253
1700000025.200000,1,300,0,113.67,68.26,1,256
1700000025.250000,1,300,0,113.70,44.83,0,256
1700000025.300000,1,300,0,113.72,45.48,0,256
1700000025.350000,1,300,0,113.73,64.23,1,260
1700000025.400000,1,300,0,113.74,45.66,0,260
1700000025.450000,1,300,0,113.76,45.35,0,260
1700000025.500000,1,300,0,113.77,70.63,1,260
1700000025.550000,1,300,0,113.79,45.49,0,260
1700000025.600000,1,300,0,113.81,45.02,0,260
1700000025.650000,1,300,0,113.83,71.70,1,259
1700000025.700000,1,300,0,113.84,45.20,0,259
1700000025.750000,1,300,0,113.87,44.88,0,259
1700000025.800000,1,300,0,113.88,71.57,1,261
1700000025.850000,1,300,0,113.90,44.93,0,261
1700000025.900000,1,300,0,113.90,44.54,0,261
1700000025.950000,1,300,0,113.93,72.12,1,269
1700000026.000000,1,300,0,113.93,45.06,0,269
1700000026.050000,1,300,0,113.95,45.37,0,269
1700000026.100000,1,300,0,113.95,74.82,1,268
1700000026.150000,1,300,0,113.95,45.46,0,268
1700000026.200000,1,300,0,113.94,45.81,0,268
1700000026.250000,1,300,0,113.95,80.41,1,269
1700000026.300000,1,300,0,113.92,46.29,0,269
1700000026.350000,1,300,0,113.92,45.49,0,269
1700000026.400000,1,300,0,113.93,74.78,1,269
1700000026.450000,1,300,0,113.91,46.17,0,269
1700000026.500000,1,300,0,113.91,46.19,0,269
1700000026.550000,1,300,0,113.92,72.92,1,267
1700000026.600000,1,300,0,113.91,44.09,0,267
1700000026.650000,1,300,0,113.91,44.62,0,267
1700000026.700000,1,300,0,113.90,72.53,1,275
1700000026.750000,1,300,0,113.92,43.82,0,275
1700000026.800000,1,300,0,113.93,45.55,0,275
1700000026.850000,1,300,0,113.93,72.89,1,274
1700000026.900000,1,300,0,113.91,49.58,0,274
1700000026.950000,1,300,0,113.93,46.22,0,274
1700000027.000000,1,300,0,113.90,73.63,1,280
1700000027.050000,1,300,0,113.92,46.25,0,280
1700000027.100000,1,300,0,113.91,46.46,0,280
1700000027.150000,1,300,0,113.92,72.53,1,275
1700000027.200000,1,300,0,113.91,46.56,0,275
1700000027.250000,1,300,0,113.93,45.62,0,275
1700000027.300000,1,300,0,113.94,73.83,1,280
1700000027.350000,1,300,0,113.94,46.44,0,280
1700000027.400000,1,300,0,113.96,46.22,0,280
1700000027.450000,1,300,0,113.96,73.12,1,285
1700000027.500000,1,300,0,113.96,45.70,0,285
1700000027.550000,1,300,0,113.99,46.37,0,285
1700000027.600000,1,300,0,113.99,72.07,1,291
1700000027.650000,1,300,0,113.98,45.85,0,291
1700000027.700000,1,300,0,113.99,45.60,0,291
1700000027.750000,1,300,0,114.00,74.64,1,303
1700000027.800000,1,300,0,114.00,45.85,0,303
1700000027.850000,1,300,0,114.00,44.93,0,303
1700000027.900000,1,300,0,113.99,71.50,1,295
1700000027.950000,1,300,0,113.98,46.28,0,295
1700000028.000000,1,300,0,113.96,45.61,0,295
1700000028.050000,1,300,0,113.97,66.26,1,307
1700000028.100000,1,300,0,113.97,46.42,0,307
1700000028.150000,1,300,0,113.94,45.83,0,307
1700000028.200000,1,300,0,113.92,72.91,1,314
1700000028.250000,1,300,0,113.91,47.32,0,314
1700000028.300000,1,300,0,113.89,47.36,0,314
1700000028.350000,1,300,0,113.87,73.37,1,317
1700000028.400000,1,300,0,113.83,48.27,0,317
1700000028.450000,1,300,0,113.80,46.96,0,317
1700000028.500000,1,300,0,113.77,69.52,1,320
1700000028.550000,1,300,0,113.74,46.97,0,320
1700000028.600000,1,300,0,113.70,46.03,0,320
1700000028.650000,1,300,0,113.67,82.17,1,319
1700000028.700000,1,300,0,113.63,46.89,0,319
1700000028.750000,1,300,0,113.62,46.19,0,319
1700000028.800000,1,300,0,113.59,86.88,1,315
1700000028.850000,1,300,0,113.57,47.50,0,315
1700000028.900000,1,300,0,113.52,46.71,0,315
1700000028.950000,1,300,0,113.51,69.20,1,321
1700000029.000000,1,300,0,113.47,71.90,0,321
1700000029.050000,1,300,0,113.44,47.86,0,321
1700000029.100000,1,300,0,113.40,75.10,1,330
1700000029.150000,1,300,0,113.38,47.66,0,330
1700000029.200000,1,300,0,113.37,46.64,0,330
1700000029.250000,1,300,0,113.34,68.43,1,335
1700000029.300000,1,300,0,113.32,47.03,0,335
1700000029.350000,1,300,0,113.30,47.04,0,335
1700000029.400000,1,300,0,113.30,68.97,1,341
1700000029.450000,1,300,0,113.26,47.64,0,341
1700000029.500000,1,300,0,113.24,47.18,0,341
1700000029.550000,1,300,0,113.23,77.91,1,340
1700000029.600000,1,300,0,113.22,49.17,0,340
1700000029.650000,1,300,0,113.21,48.78,0,340
1700000029.700000,1,300,0,113.20,71.89,1,347
1700000029.750000,1,300,0,113.18,50.33,0,347
1700000029.800000,1,300,0,113.17,49.76,0,347
1700000029.850000,1,300,0,113.18,95.47,1,344
1700000029.900000,1,300,0,113.18,50.62,0,344
1700000029.950000,1,300,0,113.16,52.09,0,344
1700000030.000000,1,300,0,113.14,80.86,1,344
1700000030.050000,1,300,0,113.06,49.52,0,344
1700000030.100000,1,300,0,112.98,50.26,0,344
1700000030.150000,1,300,0,112.85,96.30,1,347
1700000030.200000,1,300,0,112.68,49.99,0,347
1700000030.250000,1,300,0,112.49,49.99,0,347
1700000030.300000,1,300,0,112.29,94.89,1,354
1700000030.350000,1,300,0,112.07,48.48,0,354
1700000030.400000,1,300,0,111.86,48.15,0,354
1700000030.450000,1,300,0,111.69,93.28,1,357
1700000030.500000,1,300,0,111.48,47.53,0,357
1700000030.550000,1,300,0,111.28,45.83,0,357
1700000030.600000,1,300,0,111.10,89.64,1,367
1700000030.650000,1,300,0,110.84,46.48,0,367
1700000030.700000,1,300,0,110.54,45.69,0,367
1700000030.750000,1,300,0,110.20,67.45,1,380
1700000030.800000,1,300,0,109.85,44.74,0,380
1700000030.850000,1,300,0,109.53,47.70,0,380
1700000030.900000,1,300,0,109.28,65.33,1,382
1700000030.950000,1,300,0,109.26,44.25,0,382
1700000031.000000,1,300,0,109.28,44.70,0,382
1700000031.050000,1,300,0,109.29,64.52,1,382
1700000031.100000,1,300,0,109.25,46.66,0,382
1700000031.150000,1,300,0,109.19,45.68,0,382
1700000031.200000,1,300,0,109.14,68.12,1,391
1700000031.250000,1,300,0,109.00,46.12,0,391
1700000031.300000,1,300,0,108.79,46.42,0,391
1700000031.350000,1,300,0,108.46,65.16,1,409
1700000031.400000,1,300,0,108.00,49.90,0,409
1700000031.450000,1,300,0,106.87,47.43,0,409
1700000031.500000,1,300,0,103.57,76.75,1,405
1700000031.550000,1,300,0,113.48,76.56,0,405
1700000031.600000,1,300,0,113.63,52.92,0,405
1700000031.650000,1,300,0,113.77,75.53,1,407
1700000031.700000,1,300,0,116.24,49.94,0,407
1700000031.750000,1,300,0,115.62,48.29,0,407
1700000031.800000,1,300,0,114.50,73.94,1,441
1700000031.850000,1,300,0,113.39,50.13,0,441
1700000031.900000,1,300,0,112.81,49.38,0,441
1700000031.950000,1,300,0,112.58,70.88,1,493
1700000032.000000,1,300,0,112.46,50.72,0,493
1700000032.050000,1,300,0,112.45,48.87,0,493
1700000032.100000,1,300,0,112.57,111.48,1,488
1700000032.150000,1,300,0,112.80,48.56,0,488
1700000032.200000,1,300,0,112.99,46.46,0,488
1700000032.250000,1,300,0,113.27,84.45,1,484
1700000032.300000,1,300,0,113.59,45.89,0,484
1700000032.350000,1,300,0,113.98,44.23,0,484
1700000032.400000,1,300,0,114.31,79.93,1,495
1700000032.450000,1,300,0,114.60,44.59,0,495
1700000032.500000,1,300,0,114.86,45.18,0,495
1700000032.550000,1,300,0,115.05,65.26,1,493
1700000032.600000,1,300,0,115.15,45.38,0,493
1700000032.650000,1,300,0,115.23,46.00,0,493
1700000032.700000,1,300,0,115.27,87.37,1,495
1700000032.750000,1,300,0,115.31,46.24,0,495
1700000032.800000,1,300,0,115.35,44.59,0,495
1700000032.850000,1,300,0,115.41,81.89,1,498
1700000032.900000,1,300,0,115.44,47.94,0,498
1700000032.950000,1,300,0,115.48,46.30,0,498
1700000033.000000,1,300,0,115.52,82.78,1,483
1700000033.050000,1,300,0,115.54,46.25,0,483
1700000033.100000,1,300,0,115.57,45.24,0,483
1700000033.150000,1,300,0,115.59,83.30,1,481
1700000033.200000,1,300,0,115.59,46.25,0,481
1700000033.250000,1,300,0,115.61,45.64,0,481
1700000033.300000,1,300,0,115.64,83.32,1,468
1700000033.350000,1,300,0,115.63,46.17,0,468
1700000033.400000,1,300,0,115.65,46.00,0,468
1700000033.450000,1,300,0,115.67,81.69,1,469
1700000033.500000,1,300,0,115.67,46.14,0,469
1700000033.550000,1,300,0,115.68,44.68,0,469
1700000033.600000,1,300,0,115.69,83.99,1,477
1700000033.650000,1,300,0,115.69,46.86,0,477
1700000033.700000,1,300,0,115.67,46.24,0,477
1700000033.750000,1,300,0,115.67,85.43,1,472
1700000033.800000,1,300,0,115.64,46.19,0,472
1700000033.850000,1,300,0,115.66,45.75,0,472
1700000033.900000,1,300,0,115.65,85.59,1,476
1700000033.950000,1,300,0,115.66,46.39,0,476
1700000034.000000,1,300,0,115.66,47.11,0,476
1700000034.050000,1,300,0,115.66,88.47,1,477
1700000034.100000,1,300,0,115.67,48.13,0,477
1700000034.150000,1,300,0,115.66,46.79,0,477
1700000034.200000,1,300,0,115.67,97.50,1,476
1700000034.250000,1,300,0,115.69,46.73,0,476
1700000034.300000,1,300,0,115.69,46.94,0,476
1700000034.350000,1,300,0,115.72,98.75,1,468
1700000034.400000,1,300,0,115.73,48.07,0,468
1700000034.450000,1,300,0,115.76,46.58,0,468
1700000034.500000,1,300,0,115.76,90.40,1,464
1700000034.550000,1,300,0,115.79,46.76,0,464
1700000034.600000,1,300,0,115.82,47.00,0,464
1700000034.650000,1,300,0,115.83,91.15,1,451
1700000034.700000,1,300,0,115.84,46.50,0,451
1700000034.750000,1,300,0,115.88,46.63,0,451
1700000034.800000,1,300,0,115.89,91.21,1,431
1700000034.850000,1,300,0,115.93,48.09,0,431
1700000034.900000,1,300,0,115.96,46.61,0,431
1700000034.950000,1,300,0,115.97,91.80,1,425
1700000035.000000,1,300,0,116.01,46.94,0,425
1700000035.050000,1,300,0,116.04,47.20,0,425
1700000035.100000,1,300,0,116.05,93.69,1,415
1700000035.150000,1,300,0,116.07,47.08,0,415
1700000035.200000,1,300,0,116.10,47.18,0,415
1700000035.250000,1,300,0,116.13,95.20,1,405
1700000035.300000,1,300,0,116.16,63.73,0,405
1700000035.350000,1,300,0,116.20,46.03,0,405
1700000035.400000,1,300,0,116.23,93.98,1,385
1700000035.450000,1,300,0,116.27,46.16,0,385
1700000035.500000,1,300,0,116.31,45.59,0,385
1700000035.550000,1,300,0,116.34,96.20,1,388
1700000035.600000,1,300,0,116.37,46.85,0,388
1700000035.650000,1,300,0,116.42,46.40,0,388
1700000035.700000,1,300,0,116.46,99.58,1,382
1700000035.750000,1,300,0,116.50,46.33,0,382
1700000035.800000,1,300,0,116.52,46.20,0,382
1700000035.850000,1,300,0,116.54,87.90,1,340
1700000035.900000,1,300,0,116.57,45.05,0,340
1700000035.950000,1,300,0,116.61,45.46,0,340
1700000036.000000,1,300,0,116.64,88.05,1,315
1700000036.050000,1,300,0,116.67,44.62,0,315
1700000036.100000,1,300,0,116.70,45.76,0,315
1700000036.150000,1,300,0,116.74,84.46,1,331
1700000036.200000,1,300,0,116.77,44.80,0,331
1700000036.250000,1,300,0,116.77,46.47,0,331
1700000036.300000,1,300,0,116.83,65.16,1,333
1700000036.350000,1,300,0,116.84,45.71,0,333
1700000036.400000,1,300,0,116.87,46.53,0,333
1700000036.450000,1,300,0,116.89,67.06,1,324
1700000036.500000,1,300,0,116.91,45.52,0,324
1700000036.550000,1,300,0,116.94,45.68,0,324
1700000036.600000,1,300,0,116.95,75.27,1,321
1700000036.650000,1,300,0,116.95,45.74,0,321
1700000036.700000,1,300,0,116.99,45.93,0,321
1700000036.750000,1,300,0,117.01,63.46,1,319
1700000036.800000,1,300,0,117.02,45.54,0,319
1700000036.850000,1,300,0,117.04,46.22,0,319
1700000036.900000,1,300,0,117.05,79.05,1,315
1700000036.950000,1,300,0,117.08,45.76,0,315
1700000037.000000,1,300,0,117.12,45.72,0,315
1700000037.050000,1,300,0,117.12,81.50,1,318
1700000037.100000,1,300,0,117.12,45.74,0,318
1700000037.150000,1,300,0,117.14,46.45,0,318
1700000037.200000,1,300,0,117.14,71.82,1,305
1700000037.250000,1,300,0,117.16,46.59,0,305
1700000037.300000,1,300,0,117.15,46.29,0,305
1700000037.350000,1,300,0,117.15,85.88,1,311
1700000037.400000,1,300,0,117.15,45.67,0,311
1700000037.450000,1,300,0,117.16,46.01,0,311
1700000037.500000,1,300,0,117.15,70.76,1,301
1700000037.550000,1,300,0,117.14,46.56,0,301
1700000037.600000,1,300,0,117.14,46.12,0,301
1700000037.650000,1,300,0,117.14,85.06,1,299
1700000037.700000,1,300,0,117.13,46.40,0,299
1700000037.750000,1,300,0,117.12,46.29,0,299
1700000037.800000,1,300,0,117.11,87.35,1,295
1700000037.850000,1,300,0,117.10,45.61,0,295
1700000037.900000,1,300,0,117.09,46.44,0,295
1700000037.950000,1,300,0,117.07,85.65,1,290
1700000038.000000,1,300,0,117.05,46.34,0,290
1700000038.050000,1,300,0,117.04,46.65,0,290
1700000038.100000,1,300,0,117.02,85.51,1,285
1700000038.150000,1,300,0,117.00,45.96,0,285
1700000038.200000,1,300,0,116.97,46.88,0,285
1700000038.250000,1,300,0,116.96,86.87,1,289
1700000038.300000,1,300,0,116.93,45.32,0,289
1700000038.350000,1,300,0,116.92,45.98,0,289
1700000038.400000,1,300,0,116.89,87.37,1,288
1700000038.450000,1,300,0,116.87,45.91,0,288
1700000038.500000,1,300,0,116.84,45.62,0,288
1700000038.550000,1,300,0,116.82,72.58,1,278
1700000038.600000,1,300,0,116.80,48.56,0,278
1700000038.650000,1,300,0,116.77,45.82,0,278
1700000038.700000,1,300,0,116.73,73.01,1,275
1700000038.750000,1,300,0,116.71,45.19,0,275
1700000038.800000,1,300,0,116.68,45.43,0,275
1700000038.850000,1,300,0,116.63,87.40,1,276
1700000038.900000,1,300,0,116.60,45.39,0,276
1700000038.950000,1,300,0,116.55,46.65,0,276
1700000039.000000,1,300,0,116.54,91.84,1,268
1700000039.050000,1,300,0,116.50,45.01,0,268
1700000039.100000,1,300,0,116.48,45.38,0,268
1700000039.150000,1,300,0,116.45,84.09,1,264
1700000039.200000,1,300,0,116.42,44.88,0,264
1700000039.250000,1,300,0,116.39,45.69,0,264
1700000039.300000,1,300,0,116.37,82.19,1,266
1700000039.350000,1,300,0,116.35,45.11,0,266
1700000039.400000,1,300,0,116.34,45.58,0,266
1700000039.450000,1,300,0,116.32,70.89,1,261
1700000039.500000,1,300,0,116.31,46.42,0,261
1700000039.550000,1,300,0,116.30,46.69,0,261
1700000039.600000,1,300,0,116.31,73.64,1,257
1700000039.650000,1,300,0,116.30,46.44,0,257
1700000039.700000,1,300,0,116.31,46.65,0,257
1700000039.750000,1,300,0,116.31,99.12,1,255
1700000039.800000,1,300,0,116.35,46.37,0,255
1700000039.850000,1,300,0,116.40,45.97,0,255
1700000039.900000,1,300,0,116.42,76.15,1,255
1700000039.950000,1,300,0,116.45,47.13,0,255
1700000040.000000,1,300,0,116.50,45.88,0,255
1700000040.050000,1,300,0,116.52,84.68,1,232
1700000040.100000,1,300,0,116.54,45.91,0,232
1700000040.150000,1,300,0,116.54,46.04,0,232
1700000040.200000,1,300,0,116.55,62.53,1,223
1700000040.250000,1,300,0,116.54,44.95,0,223
1700000040.300000,1,300,0,116.53,45.73,0,223
1700000040.350000,1,300,0,116.50,68.27,1,232
1700000040.400000,1,300,0,116.48,46.05,0,232
1700000040.450000,1,300,0,116.44,46.32,0,232
1700000040.500000,1,300,0,116.41,79.94,1,236
1700000040.550000,1,300,0,116.36,47.45,0,236
1700000040.600000,1,300,0,116.32,45.94,0,236
1700000040.650000,1,300,0,116.28,62.57,1,239
1700000040.700000,1,300,0,116.23,47.77,0,239
1700000040.750000,1,300,0,116.18,47.30,0,239
1700000040.800000,1,300,0,116.15,62.41,1,249
1700000040.850000,1,300,0,116.10,47.74,0,249
1700000040.900000,1,300,0,116.08,47.01,0,249
1700000040.950000,1,300,0,116.03,68.74,1,250
1700000041.000000,1,300,0,115.99,47.30,0,250
1700000041.050000,1,300,0,115.96,46.49,0,250
1700000041.100000,1,300,0,115.94,65.19,1,256
1700000041.150000,1,300,0,115.91,45.74,0,256
1700000041.200000,1,300,0,115.91,45.61,0,256
1700000041.250000,1,300,0,115.90,62.29,1,266
1700000041.300000,1,300,0,115.90,44.96,0,266
1700000041.350000,1,300,0,115.91,45.33,0,266
1700000041.400000,1,300,0,115.91,70.56,1,270
1700000041.450000,1,300,0,115.95,46.33,0,270
1700000041.500000,1,300,0,115.97,45.45,0,270
1700000041.550000,1,300,0,116.00,70.50,1,277
1700000041.600000,1,300,0,116.02,45.98,0,277
1700000041.650000,1,300,0,116.07,47.00,0,277
1700000041.700000,1,300,0,116.10,66.37,1,276
1700000041.750000,1,300,0,116.15,44.71,0,276
1700000041.800000,1,300,0,116.20,45.90,0,276
1700000041.850000,1,300,0,116.25,69.14,1,279
1700000041.900000,1,300,0,116.30,45.68,0,279
1700000041.950000,1,300,0,116.37,45.91,0,279
1700000042.000000,1,300,0,116.42,63.47,1,277
1700000042.050000,1,300,0,116.48,45.18,0,277
1700000042.100000,1,300,0,116.53,47.54,0,277
1700000042.150000,1,300,0,116.57,65.12,1,297
1700000042.200000,1,300,0,116.59,47.71,0,297
1700000042.250000,1,300,0,116.63,46.53,0,297
1700000042.300000,1,300,0,116.67,72.22,1,290
1700000042.350000,1,300,0,116.69,47.07,0,290
1700000042.400000,1,300,0,116.73,46.05,0,290
1700000042.450000,1,300,0,116.76,73.48,1,296
1700000042.500000,1,300,0,116.81,46.56,0,296
1700000042.550000,1,300,0,116.83,47.84,0,296
1700000042.600000,1,300,0,116.86,64.81,1,305
1700000042.650000,1,300,0,116.90,47.29,0,305
1700000042.700000,1,300,0,116.93,47.37,0,305
1700000042.750000,1,300,0,116.99,68.56,1,316
1700000042.800000,1,300,0,117.06,47.52,0,316
1700000042.850000,1,300,0,117.13,48.13,0,316
1700000042.900000,1,300,0,117.09,65.73,1,321
1700000042.950000,1,300,0,117.07,48.73,0,321
1700000043.000000,1,300,0,117.03,48.68,0,321
1700000043.050000,1,300,0,116.99,66.76,1,334
1700000043.100000,1,300,0,116.93,48.56,0,334
1700000043.150000,1,300,0,116.87,47.84,0,334
1700000043.200000,1,300,0,116.83,67.61,1,343
1700000043.250000,1,300,0,116.78,60.45,0,343
1700000043.300000,1,300,0,116.75,81.22,0,343
1700000043.350000,1,300,0,116.71,71.98,1,340
1700000043.400000,1,300,0,116.66,50.31,0,340
1700000043.450000,1,300,0,116.63,49.88,0,340
1700000043.500000,1,300,0,116.58,69.86,1,347
1700000043.550000,1,300,0,116.54,49.56,0,347
1700000043.600000,1,300,0,116.57,49.70,0,347
1700000043.650000,1,300,0,116.59,86.21,1,350
1700000043.700000,1,300,0,116.65,50.14,0,350
1700000043.750000,1,300,0,116.71,50.67,0,350
1700000043.800000,1,300,0,116.79,96.92,1,347
1700000043.850000,1,300,0,116.87,50.04,0,347
1700000043.900000,1,300,0,116.99,48.51,0,347
1700000043.950000,1,300,0,117.08,70.64,1,344
1700000044.000000,1,300,0,117.20,59.53,0,344
1700000044.050000,1,300,0,117.31,47.70,0,344
1700000044.100000,1,300,0,117.43,67.91,1,348
1700000044.150000,1,300,0,117.57,47.73,0,348
1700000044.200000,1,300,0,117.71,47.16,0,348
1700000044.250000,1,300,0,117.85,67.31,1,334
1700000044.300000,1,300,0,118.00,45.58,0,334
1700000044.350000,1,300,0,118.16,44.63,0,334
1700000044.400000,1,300,0,118.31,63.01,1,325
1700000044.450000,1,300,0,118.45,45.61,0,325
1700000044.500000,1,300,0,118.59,45.64,0,325
1700000044.550000,1,300,0,118.72,63.29,1,323
1700000044.600000,1,300,0,118.87,47.15,0,323
1700000044.650000,1,300,0,119.05,46.14,0,323
1700000044.700000,1,300,0,119.22,62.83,1,331
1700000044.750000,1,300,0,119.39,46.29,0,331
1700000044.800000,1,300,0,119.56,46.05,0,331
1700000044.850000,1,300,0,119.68,63.69,1,327
1700000044.900000,1,300,0,119.79,46.40,0,327
1700000044.950000,1,300,0,119.92,45.51,0,327
1700000045.000000,1,300,0,120.02,75.17,1,337
1700000045.050000,1,300,0,120.13,51.96,0,337
1700000045.100000,1,300,0,120.24,45.81,0,337
1700000045.150000,1,300,0,120.35,65.88,1,342
1700000045.200000,1,300,0,120.45,47.45,0,342
1700000045.250000,1,300,0,120.55,47.04,0,342
1700000045.300000,1,300,0,120.65,86.30,1,340
1700000045.350000,1,300,0,120.74,47.95,0,340
1700000045.400000,1,300,0,120.84,46.70,0,340
1700000045.450000,1,300,0,120.92,67.04,1,340
1700000045.500000,1,300,0,121.00,47.69,0,340
1700000045.550000,1,300,0,121.07,46.87,0,340
1700000045.600000,1,300,0,121.14,72.10,1,346
1700000045.650000,1,300,0,121.21,47.08,0,346
1700000045.700000,1,300,0,121.23,46.76,0,346
1700000045.750000,1,300,0,121.24,66.38,1,344
1700000045.800000,1,300,0,121.23,48.98,0,344
1700000045.850000,1,300,0,121.24,47.42,0,344
1700000045.900000,1,300,0,121.21,75.96,1,360
1700000045.950000,1,300,0,121.16,44.65,0,360
1700000046.000000,1,300,0,121.11,44.71,0,360
1700000046.050000,1,300,0,121.07,66.54,1,380
1700000046.100000,1,300,0,120.97,43.98,0,380
1700000046.150000,1,300,0,120.81,44.67,0,380
1700000046.200000,1,300,0,120.62,65.77,1,365
1700000046.250000,1,300,0,120.45,45.59,0,365
1700000046.300000,1,300,0,120.22,45.54,0,365
1700000046.350000,1,300,0,119.97,72.29,1,390
1700000046.400000,1,300,0,119.70,46.69,0,390
1700000046.450000,1,300,0,119.46,48.27,0,390
1700000046.500000,1,300,0,119.26,68.55,1,394
1700000046.550000,1,300,0,119.01,46.65,0,394
1700000046.600000,1,300,0,118.83,47.58,0,394
1700000046.650000,1,300,0,118.74,68.95,1,399
1700000046.700000,1,300,0,118.64,48.42,0,399
1700000046.750000,1,300,0,118.53,47.48,0,399
1700000046.800000,1,300,0,118.42,101.35,1,403
1700000046.850000,1,300,0,118.29,46.78,0,403
1700000046.900000,1,300,0,118.24,47.95,0,403
1700000046.950000,1,300,0,118.19,68.71,1,410
1700000047.000000,1,300,0,118.15,45.53,0,410
1700000047.050000,1,300,0,118.07,46.75,0,410
1700000047.100000,1,300,0,118.11,81.47,1,408
1700000047.150000,1,300,0,118.19,45.82,0,408
1700000047.200000,1,300,0,118.26,45.52,0,408
1700000047.250000,1,300,0,118.29,83.60,1,413
1700000047.300000,1,300,0,118.31,45.89,0,413
1700000047.350000,1,300,0,118.33,45.64,0,413
1700000047.400000,1,300,0,118.36,88.81,1,410
1700000047.450000,1,300,0,118.33,45.39,0,410
1700000047.500000,1,300,0,118.26,45.82,0,410
1700000047.550000,1,300,0,118.17,91.35,1,411
1700000047.600000,1,300,0,118.14,45.80,0,411
1700000047.650000,1,300,0,118.11,46.80,0,411
1700000047.700000,1,300,0,118.10,86.09,1,409
1700000047.750000,1,300,0,118.08,46.36,0,409
1700000047.800000,1,300,0,118.07,47.39,0,409
1700000047.850000,1,300,0,118.07,105.98,1,426
1700000047.900000,1,300,0,118.06,44.50,0,426
1700000047.950000,1,300,0,118.11,44.52,0,426
1700000048.000000,1,300,0,118.13,90.49,1,434
1700000048.050000,1,300,0,118.15,44.17,0,434
1700000048.100000,1,300,0,118.16,44.77,0,434
1700000048.150000,1,300,0,118.20,91.76,1,437
1700000048.200000,1,300,0,118.23,44.74,0,437
1700000048.250000,1,300,0,118.27,45.38,0,437
1700000048.300000,1,300,0,118.30,93.45,1,444
1700000048.350000,1,300,0,118.33,45.17,0,444
1700000048.400000,1,300,0,118.40,44.76,0,444
1700000048.450000,1,300,0,118.41,91.39,1,449
1700000048.500000,1,300,0,118.42,45.59,0,449
1700000048.550000,1,300,0,118.44,44.77,0,449
1700000048.600000,1,300,0,118.40,75.53,1,453
1700000048.650000,1,300,0,118.37,44.44,0,453
1700000048.700000,1,300,0,118.33,44.99,0,453
1700000048.750000,1,300,0,118.26,98.62,1,444
1700000048.800000,1,300,0,118.21,44.49,0,444
1700000048.850000,1,300,0,118.12,43.88,0,444
1700000048.900000,1,300,0,118.03,104.53,1,434
1700000048.950000,1,300,0,117.94,44.01,0,434
1700000049.000000,1,300,0,117.85,45.99,0,434
1700000049.050000,1,300,0,117.74,108.43,1,419
1700000049.100000,1,300,0,117.66,44.84,0,419
1700000049.150000,1,300,0,117.57,44.05,0,419
1700000049.200000,1,300,0,117.51,83.62,1,412
1700000049.250000,1,300,0,117.42,44.91,0,412
1700000049.300000,1,300,0,117.35,44.97,0,412
1700000049.350000,1,300,0,117.27,85.68,1,406
1700000049.400000,1,300,0,117.22,44.12,0,406
1700000049.450000,1,300,0,117.15,44.25,0,406
1700000049.500000,1,300,0,117.07,86.59,1,396
1700000049.550000,1,300,0,117.02,44.43,0,396
1700000049.600000,1,300,0,116.93,44.70,0,396
1700000049.650000,1,300,0,116.87,100.06,1,384
1700000049.700000,1,300,0,116.79,44.14,0,384
1700000049.750000,1,300,0,116.72,45.02,0,384
1700000049.800000,1,300,0,116.65,92.25,1,378
1700000049.850000,1,300,0,116.58,45.53,0,378
1700000049.900000,1,300,0,116.53,45.22,0,378
1700000049.950000,1,300,0,116.46,111.46,1,364
1700000050.000000,1,300,0,116.41,47.23,0,364
1700000050.050000,1,300,0,116.34,45.08,0,364
1700000050.100000,1,300,0,116.27,100.65,1,342
1700000050.150000,1,300,0,116.21,44.73,0,342
1700000050.200000,1,300,0,116.15,44.28,0,342
1700000050.250000,1,300,0,116.11,96.26,1,336
1700000050.300000,1,300,0,116.06,45.26,0,336
1700000050.350000,1,300,0,116.00,45.53,0,336
1700000050.400000,1,300,0,115.96,126.45,1,307
1700000050.450000,1,300,0,115.93,44.92,0,307
1700000050.500000,1,300,0,115.87,43.97,0,307
1700000050.550000,1,300,0,115.84,92.98,1,304
1700000050.600000,1,300,0,115.82,45.50,0,304
1700000050.650000,1,300,0,115.78,45.57,0,304
1700000050.700000,1,300,0,115.75,103.39,1,296
1700000050.750000,1,300,0,115.72,48.75,0,296
1700000050.800000,1,300,0,115.68,44.60,0,296
1700000050.850000,1,300,0,115.65,100.32,1,286
1700000050.900000,1,300,0,115.63,45.55,0,286
1700000050.950000,1,300,0,115.60,44.26,0,286
1700000051.000000,1,300,0,115.58,94.75,1,286
1700000051.050000,1,300,0,115.55,44.13,0,286
1700000051.100000,1,300,0,115.53,44.87,0,286
1700000051.150000,1,300,0,115.50,85.65,1,297
1700000051.200000,1,300,0,115.47,44.27,0,297
1700000051.250000,1,300,0,115.44,44.79,0,297
1700000051.300000,1,300,0,115.39,83.05,1,286
1700000051.350000,1,300,0,115.35,45.97,0,286
1700000051.400000,1,300,0,115.29,45.12,0,286
1700000051.450000,1,300,0,115.23,84.14,1,296
1700000051.500000,1,300,0,115.13,46.24,0,296
1700000051.550000,1,300,0,115.04,53.84,0,296
1700000051.600000,1,300,0,114.94,89.33,1,287
1700000051.650000,1,300,0,114.83,46.31,0,287
1700000051.700000,1,300,0,114.73,45.32,0,287
1700000051.750000,1,300,0,114.59,97.58,1,289
1700000051.800000,1,300,0,114.46,45.30,0,289
1700000051.850000,1,300,0,114.33,45.50,0,289
1700000051.900000,1,300,0,114.20,83.91,1,279
1700000051.950000,1,300,0,114.05,44.87,0,279
1700000052.000000,1,300,0,113.92,45.20,0,279
1700000052.050000,1,300,0,113.83,69.80,1,282
1700000052.100000,1,300,0,113.81,44.80,0,282
1700000052.150000,1,300,0,113.72,45.40,0,282
1700000052.200000,1,300,0,113.64,78.37,1,283
1700000052.250000,1,300,0,113.35,44.96,0,283
1700000052.300000,1,300,0,112.99,45.24,0,283
1700000052.350000,1,300,0,112.52,77.42,1,281
1700000052.400000,1,300,0,112.07,46.94,0,281
1700000052.450000,1,300,0,111.37,42.75,0,281
1700000052.500000,1,300,0,110.59,71.68,1,287
1700000052.550000,1,300,0,109.47,44.77,0,287
1700000052.600000,1,300,0,108.00,44.77,0,287
1700000052.650000,1,300,0,106.82,71.16,1,303
1700000052.700000,1,300,0,105.70,44.49,0,303
1700000052.750000,1,300,0,105.74,44.23,0,303
1700000052.800000,1,300,0,108.36,74.58,1,319
1700000052.850000,1,300,0,110.18,44.06,0,319
1700000052.900000,1,300,0,110.87,45.04,0,319
1700000052.950000,1,300,0,111.83,76.65,1,339
1700000053.000000,1,300,0,112.87,44.39,0,339
1700000053.050000,1,300,0,113.52,44.40,0,339
1700000053.100000,1,300,0,113.93,73.49,1,359
1700000053.150000,1,300,0,114.03,43.63,0,359
1700000053.200000,1,300,0,114.04,45.04,0,359
1700000053.250000,1,300,0,114.00,62.80,1,358
1700000053.300000,1,300,0,113.95,44.67,0,358
1700000053.350000,1,300,0,113.85,44.96,0,358
1700000053.400000,1,300,0,113.73,77.45,1,360
1700000053.450000,1,300,0,113.62,44.33,0,360
1700000053.500000,1,300,0,113.52,44.77,0,360
1700000053.550000,1,300,0,113.44,77.78,1,367
1700000053.600000,1,300,0,113.37,45.34,0,367
1700000053.650000,1,300,0,113.32,44.31,0,367
1700000053.700000,1,300,0,113.29,62.32,1,375
1700000053.750000,1,300,0,113.23,44.32,0,375
1700000053.800000,1,300,0,113.18,45.09,0,375
1700000053.850000,1,300,0,113.14,83.92,1,392
1700000053.900000,1,300,0,113.09,45.21,0,392
1700000053.950000,1,300,0,113.05,45.74,0,392
1700000054.000000,1,300,0,113.01,81.80,1,395
1700000054.050000,1,300,0,112.97,45.42,0,395
1700000054.100000,1,300,0,112.94,44.57,0,395
1700000054.150000,1,300,0,112.92,80.93,1,407
1700000054.200000,1,300,0,112.90,45.68,0,407
1700000054.250000,1,300,0,112.86,45.04,0,407
1700000054.300000,1,300,0,112.84,79.43,1,420
1700000054.350000,1,300,0,112.81,45.37,0,420
1700000054.400000,1,300,0,112.81,45.17,0,420
1700000054.450000,1,300,0,112.81,81.11,1,426
1700000054.500000,1,300,0,112.80,44.14,0,426
1700000054.550000,1,300,0,112.82,45.26,0,426
1700000054.600000,1,300,0,112.82,65.24,1,428
1700000054.650000,1,300,0,112.84,45.56,0,428
1700000054.700000,1,300,0,112.82,45.44,0,428
1700000054.750000,1,300,0,112.86,81.08,1,427
1700000054.800000,1,300,0,112.87,45.38,0,427
1700000054.850000,1,300,0,112.89,45.59,0,427
1700000054.900000,1,300,0,112.91,62.11,1,427
1700000054.950000,1,300,0,112.95,47.22,0,427
1700000055.000000,1,300,0,112.96,45.75,0,427
1700000055.050000,1,300,0,113.00,67.31,1,415
1700000055.100000,1,300,0,113.02,45.40,0,415
1700000055.150000,1,300,0,113.07,44.79,0,415
1700000055.200000,1,300,0,113.09,83.81,1,406
1700000055.250000,1,300,0,113.12,45.30,0,406
1700000055.300000,1,300,0,113.15,45.00,0,406
1700000055.350000,1,300,0,113.19,80.50,1,404
1700000055.400000,1,300,0,113.21,44.87,0,404
1700000055.450000,1,300,0,113.26,44.55,0,404
1700000055.500000,1,300,0,113.30,83.44,1,402
1700000055.550000,1,300,0,113.35,44.24,0,402
1700000055.600000,1,300,0,113.38,44.23,0,402
1700000055.650000,1,300,0,113.40,86.41,1,402
1700000055.700000,1,300,0,113.45,44.56,0,402
1700000055.750000,1,300,0,113.48,44.86,0,402
1700000055.800000,1,300,0,113.51,66.57,1,397
1700000055.850000,1,300,0,113.55,44.84,0,397
1700000055.900000,1,300,0,113.58,44.94,0,397
1700000055.950000,1,300,0,113.61,67.55,1,393
1700000056.000000,1,300,0,113.66,44.51,0,393
1700000056.050000,1,300,0,113.69,45.22,0,393
1700000056.100000,1,300,0,113.74,75.67,1,378
1700000056.150000,1,300,0,113.76,43.80,0,378
1700000056.200000,1,300,0,113.79,44.11,0,378
1700000056.250000,1,300,0,113.81,75.61,1,374
1700000056.300000,1,300,0,113.83,55.25,0,374
1700000056.350000,1,300,0,113.85,44.49,0,374
1700000056.400000,1,300,0,113.88,77.38,1,368
1700000056.450000,1,300,0,113.89,44.82,0,368
1700000056.500000,1,300,0,113.90,44.76,0,368
1700000056.550000,1,300,0,113.92,76.92,1,360
1700000056.600000,1,300,0,113.93,45.39,0,360
1700000056.650000,1,300,0,113.96,45.10,0,360
1700000056.700000,1,300,0,113.96,90.59,1,332
1700000056.750000,1,300,0,113.95,44.52,0,332
1700000056.800000,1,300,0,113.95,45.59,0,332
1700000056.850000,1,300,0,113.93,69.72,1,313
1700000056.900000,1,300,0,113.92,47.04,0,313
1700000056.950000,1,300,0,113.90,45.14,0,313
1700000057.000000,1,300,0,113.88,78.96,1,295
1700000057.050000,1,300,0,113.85,45.28,0,295
1700000057.100000,1,300,0,113.81,44.52,0,295
1700000057.150000,1,300,0,113.78,71.26,1,281
1700000057.200000,1,300,0,113.75,45.39,0,281
1700000057.250000,1,300,0,113.72,46.03,0,281
1700000057.300000,1,300,0,113.67,81.85,1,286
1700000057.350000,1,300,0,113.61,46.50,0,286
1700000057.400000,1,300,0,113.57,45.72,0,286
1700000057.450000,1,300,0,113.49,85.10,1,294
1700000057.500000,1,300,0,113.45,46.81,0,294
1700000057.550000,1,300,0,113.39,47.63,0,294
1700000057.600000,1,300,0,113.33,86.76,1,294
1700000057.650000,1,300,0,113.28,47.59,0,294
1700000057.700000,1,300,0,113.20,48.50,0,294
1700000057.750000,1,300,0,113.14,67.74,1,296
1700000057.800000,1,300,0,113.07,47.95,0,296
1700000057.850000,1,300,0,113.02,47.04,0,296
1700000057.900000,1,300,0,112.95,70.86,1,283
1700000057.950000,1,300,0,112.90,49.37,0,283
1700000058.000000,1,300,0,112.83,47.02,0,283
1700000058.050000,1,300,0,112.77,70.09,1,284
1700000058.100000,1,300,0,112.71,46.65,0,284
1700000058.150000,1,300,0,112.64,45.88,0,284
1700000058.200000,1,300,0,112.59,72.67,1,280
1700000058.250000,1,300,0,112.53,46.60,0,280
1700000058.300000,1,300,0,112.48,46.86,0,280
1700000058.350000,1,300,0,112.44,70.97,1,278
1700000058.400000,1,300,0,112.40,47.14,0,278
1700000058.450000,1,300,0,112.38,45.97,0,278
1700000058.500000,1,300,0,112.35,68.15,1,276
1700000058.550000,1,300,0,112.33,47.22,0,276
1700000058.600000,1,300,0,112.29,46.63,0,276
1700000058.650000,1,300,0,112.27,84.76,1,269
1700000058.700000,1,300,0,112.24,46.78,0,269
1700000058.750000,1,300,0,112.21,46.56,0,269
1700000058.800000,1,300,0,112.19,66.04,1,276
1700000058.850000,1,300,0,112.13,46.05,0,276
1700000058.900000,1,300,0,112.09,45.33,0,276
1700000058.950000,1,300,0,112.07,79.24,1,271
1700000059.000000,1,300,0,112.02,46.45,0,271
1700000059.050000,1,300,0,111.97,46.45,0,271
1700000059.100000,1,300,0,111.94,83.96,1,273
1700000059.150000,1,300,0,111.90,46.81,0,273
1700000059.200000,1,300,0,111.87,46.33,0,273
1700000059.250000,1,300,0,111.82,91.40,1,267
1700000059.300000,1,300,0,111.81,67.65,0,267
1700000059.350000,1,300,0,111.76,46.21,0,267
1700000059.400000,1,300,0,111.73,78.36,1,266
1700000059.450000,1,300,0,111.72,48.50,0,266
1700000059.500000,1,300,0,111.71,46.78,0,266
1700000059.550000,1,300,0,111.67,81.83,1,255
1700000059.600000,1,300,0,111.66,47.50,0,255
1700000059.650000,1,300,0,111.64,45.74,0,255
1700000059.700000,1,300,0,111.60,76.74,1,256
1700000059.750000,1,300,0,111.57,46.56,0,256
1700000059.800000,1,300,0,111.53,45.77,0,256
1700000059.850000,1,300,0,111.50,77.45,1,249
1700000059.900000,1,300,0,111.48,45.69,0,249
1700000059.950000,1,300,0,111.45,44.70,0,249
1700000060.000000,1,300,0,111.44,66.71,1,248
1700000060.050000,1,300,0,111.41,44.97,0,248
1700000060.100000,1,300,0,111.38,44.73,0,248
1700000060.150000,1,300,0,111.36,76.23,1,249
1700000060.200000,1,300,0,111.34,45.38,0,249
1700000060.250000,1,300,0,111.30,46.51,0,249
1700000060.300000,1,300,0,111.29,82.29,1,242
1700000060.350000,1,300,0,111.27,47.07,0,242
1700000060.400000,1,300,0,111.24,45.59,0,242
1700000060.450000,1,300,0,111.19,81.97,1,242
1700000060.500000,1,300,0,111.17,45.53,0,242
1700000060.550000,1,300,0,111.15,46.07,0,242
1700000060.600000,1,300,0,111.10,77.93,1,241
1700000060.650000,1,300,0,111.06,46.14,0,241
1700000060.700000,1,300,0,111.04,46.43,0,241
1700000060.750000,1,300,0,111.01,85.85,1,243
1700000060.800000,1,300,0,110.95,46.27,0,243
1700000060.850000,1,300,0,110.93,46.17,0,243
1700000060.900000,1,300,0,110.90,85.55,1,242
1700000060.950000,1,300,0,110.85,46.05,0,242
1700000061.000000,1,300,0,110.81,45.39,0,242
1700000061.050000,1,300,0,110.78,64.76,1,237
1700000061.100000,1,300,0,110.76,47.06,0,237
1700000061.150000,1,300,0,110.74,49.77,0,237
1700000061.200000,1,300,0,110.71,64.16,1,232
1700000061.250000,1,300,0,110.69,47.97,0,232
1700000061.300000,1,300,0,110.66,46.15,0,232
1700000061.350000,1,300,0,110.66,67.58,1,233
1700000061.400000,1,300,0,110.65,46.81,0,233
1700000061.450000,1,300,0,110.65,46.11,0,233
1700000061.500000,1,300,0,110.65,62.35,1,235
1700000061.550000,1,300,0,110.66,49.38,0,235
1700000061.600000,1,300,0,110.68,48.39,0,235
1700000061.650000,1,300,0,110.68,61.95,1,236
1700000061.700000,1,300,0,110.70,45.92,0,236
1700000061.750000,1,300,0,110.72,46.03,0,236
1700000061.800000,1,300,0,110.76,62.63,1,231
1700000061.850000,1,300,0,110.78,48.28,0,231
1700000061.900000,1,300,0,110.81,47.17,0,231
1700000061.950000,1,300,0,110.87,68.89,1,228
1700000062.000000,1,300,0,110.92,47.02,0,228
1700000062.050000,1,300,0,110.96,48.38,0,228
1700000062.100000,1,300,0,111.03,63.54,1,219
1700000062.150000,1,300,0,111.09,47.05,0,219
1700000062.200000,1,300,0,111.16,46.65,0,219
1700000062.250000,1,300,0,111.24,67.71,1,222
1700000062.300000,1,300,0,111.33,46.21,0,222
1700000062.350000,1,300,0,111.43,46.24,0,222
1700000062.400000,1,300,0,111.58,64.71,1,210
1700000062.450000,1,300,0,111.71,45.96,0,210
1700000062.500000,1,300,0,111.85,45.22,0,210
1700000062.550000,1,300,0,112.03,65.38,1,211
1700000062.600000,1,300,0,112.18,46.27,0,211
1700000062.650000,1,300,0,112.36,45.22,0,211
1700000062.700000,1,300,0,112.52,77.26,1,206
1700000062.750000,1,300,0,112.71,46.01,0,206
1700000062.800000,1,300,0,112.90,44.94,0,206
1700000062.850000,1,300,0,113.03,66.60,1,199
1700000062.900000,1,300,0,112.77,46.40,0,199
1700000062.950000,1,300,0,112.05,45.74,0,199
1700000063.000000,1,300,0,112.67,84.71,1,202
1700000063.050000,1,300,0,113.54,45.66,0,202
1700000063.100000,1,300,0,114.09,46.12,0,202
1700000063.150000,1,300,0,114.88,65.48,1,221
1700000063.200000,1,300,0,115.69,45.22,0,221
1700000063.250000,1,300,0,116.02,47.03,0,221
1700000063.300000,1,300,0,116.47,65.34,1,226
1700000063.350000,1,300,0,117.17,46.86,0,226
1700000063.400000,1,300,0,117.96,47.19,0,226
1700000063.450000,1,300,0,118.82,77.44,1,232
1700000063.500000,1,300,0,119.25,48.51,0,232
1700000063.550000,1,300,0,118.30,47.66,0,232
1700000063.600000,1,300,0,116.65,64.28,1,242
1700000063.650000,1,300,0,115.90,47.45,0,242
1700000063.700000,1,300,0,115.81,47.79,0,242
1700000063.750000,1,300,0,115.86,98.12,1,252
1700000063.800000,1,300,0,115.49,46.32,0,252
1700000063.850000,1,300,0,114.56,47.68,0,252
1700000063.900000,1,300,0,115.22,79.48,1,252
1700000063.950000,1,300,0,116.27,46.83,0,252
1700000064.000000,1,300,0,115.48,47.04,0,252
1700000064.050000,1,300,0,114.84,85.67,1,260
1700000064.100000,1,300,0,114.47,46.31,0,260
1700000064.150000,1,300,0,113.35,47.63,0,260
1700000064.200000,1,300,0,112.95,80.94,1,272
1700000064.250000,1,300,0,113.10,46.06,0,272
1700000064.300000,1,300,0,112.53,47.95,0,272
1700000064.350000,1,300,0,111.10,78.82,1,283
1700000064.400000,1,300,0,106.60,46.15,0,283
1700000064.450000,1,300,0,105.48,44.90,0,283
1700000064.500000,1,300,0,104.91,78.01,1,280
1700000064.550000,1,300,0,104.48,45.73,0,280
1700000064.600000,1,300,0,104.25,46.34,0,280
1700000064.650000,1,300,0,104.16,79.33,1,302
1700000064.700000,1,300,0,104.42,45.51,0,302
1700000064.750000,1,300,0,104.68,45.52,0,302
1700000064.800000,1,300,0,105.00,92.54,1,311
1700000064.850000,1,300,0,105.27,46.52,0,311
1700000064.900000,1,300,0,105.59,45.24,0,311
1700000064.950000,1,300,0,105.83,94.85,1,319
1700000065.000000,1,300,0,106.05,47.09,0,319
1700000065.050000,1,300,0,106.18,47.04,0,319
1700000065.100000,1,300,0,106.29,86.93,1,323
1700000065.150000,1,300,0,106.41,44.96,0,323
1700000065.200000,1,300,0,106.52,45.56,0,323
1700000065.250000,1,300,0,106.67,89.37,1,331
1700000065.300000,1,300,0,106.90,45.83,0,331
1700000065.350000,1,300,0,107.26,44.89,0,331
1700000065.400000,1,300,0,107.64,87.40,1,324
1700000065.450000,1,300,0,108.12,45.06,0,324
1700000065.500000,1,300,0,108.60,44.76,0,324
1700000065.550000,1,300,0,109.31,87.62,1,327
1700000065.600000,1,300,0,110.35,45.23,0,327
1700000065.650000,1,300,0,111.27,43.30,0,327
1700000065.700000,1,300,0,110.96,85.18,1,333
1700000065.750000,1,300,0,110.22,46.12,0,333
1700000065.800000,1,300,0,109.17,46.28,0,333
1700000065.850000,1,300,0,108.36,72.59,1,340
1700000065.900000,1,300,0,108.19,46.16,0,340
1700000065.950000,1,300,0,108.30,46.01,0,340
1700000066.000000,1,300,0,108.33,69.09,1,354
1700000066.050000,1,300,0,108.39,46.55,0,354
1700000066.100000,1,300,0,108.56,45.76,0,354
1700000066.150000,1,300,0,108.74,91.33,1,370
1700000066.200000,1,300,0,108.93,46.93,0,370
1700000066.250000,1,300,0,109.13,46.53,0,370
1700000066.300000,1,300,0,109.31,68.90,1,364
1700000066.350000,1,300,0,109.47,49.44,0,364
1700000066.400000,1,300,0,109.63,46.90,0,364
1700000066.450000,1,300,0,109.77,93.00,1,372
1700000066.500000,1,300,0,109.92,47.44,0,372
1700000066.550000,1,300,0,110.06,47.16,0,372
1700000066.600000,1,300,0,110.21,100.27,1,380
1700000066.650000,1,300,0,110.35,46.19,0,380
1700000066.700000,1,300,0,110.48,45.77,0,380
1700000066.750000,1,300,0,110.61,94.79,1,391
1700000066.800000,1,300,0,110.73,47.61,0,391
1700000066.850000,1,300,0,110.85,45.02,0,391
1700000066.900000,1,300,0,110.96,95.59,1,388
1700000066.950000,1,300,0,111.07,46.49,0,388
1700000067.000000,1,300,0,111.16,45.67,0,388
1700000067.050000,1,300,0,111.26,95.04,1,392
1700000067.100000,1,300,0,111.34,46.91,0,392
1700000067.150000,1,300,0,111.42,45.81,0,392
1700000067.200000,1,300,0,111.49,91.49,1,381
1700000067.250000,1,300,0,111.56,46.13,0,381
1700000067.300000,1,300,0,111.62,45.77,0,381
1700000067.350000,1,300,0,111.69,89.65,1,378
1700000067.400000,1,300,0,111.73,46.40,0,378
1700000067.450000,1,300,0,111.78,46.17,0,378
1700000067.500000,1,300,0,111.81,74.93,1,376
1700000067.550000,1,300,0,111.85,48.07,0,376
1700000067.600000,1,300,0,111.88,45.85,0,376
1700000067.650000,1,300,0,111.90,69.69,1,370
1700000067.700000,1,300,0,111.93,48.01,0,370
1700000067.750000,1,300,0,111.95,47.11,0,370
1700000067.800000,1,300,0,111.98,91.96,1,367
1700000067.850000,1,300,0,111.98,46.67,0,367
1700000067.900000,1,300,0,112.00,69.03,0,367
1700000067.950000,1,300,0,112.00,92.34,1,370
1700000068.000000,1,300,0,112.03,46.29,0,370
1700000068.050000,1,300,0,112.01,46.23,0,370
1700000068.100000,1,300,0,112.04,93.10,1,360
1700000068.150000,1,300,0,112.04,47.32,0,360
1700000068.200000,1,300,0,112.03,46.82,0,360
1700000068.250000,1,300,0,112.03,92.12,1,355
1700000068.300000,1,300,0,112.01,48.37,0,355
1700000068.350000,1,300,0,112.02,47.08,0,355
1700000068.400000,1,300,0,112.02,77.57,1,349
1700000068.450000,1,300,0,112.01,48.07,0,349
1700000068.500000,1,300,0,111.99,47.75,0,349
1700000068.550000,1,300,0,111.97,73.85,1,350
1700000068.600000,1,300,0,111.97,47.95,0,350
1700000068.650000,1,300,0,111.96,48.17,0,350
1700000068.700000,1,300,0,111.95,77.73,1,330
1700000068.750000,1,300,0,111.93,47.64,0,330
1700000068.800000,1,300,0,111.90,47.53,0,330
1700000068.850000,1,300,0,111.91,75.40,1,327
1700000068.900000,1,300,0,111.88,49.56,0,327
1700000068.950000,1,300,0,111.86,47.95,0,327
1700000069.000000,1,300,0,111.85,80.85,1,325
1700000069.050000,1,300,0,111.83,49.37,0,325
1700000069.100000,1,300,0,111.82,47.80,0,325
1700000069.150000,1,300,0,111.80,75.81,1,330
1700000069.200000,1,300,0,111.79,48.09,0,330
1700000069.250000,1,300,0,111.75,47.80,0,330
1700000069.300000,1,300,0,111.74,70.32,1,318
1700000069.350000,1,300,0,111.72,47.92,0,318
1700000069.400000,1,300,0,111.71,47.75,0,318
1700000069.450000,1,300,0,111.70,78.59,1,316
1700000069.500000,1,300,0,111.67,49.04,0,316
1700000069.550000,1,300,0,111.66,48.67,0,316
1700000069.600000,1,300,0,111.65,78.26,1,308
1700000069.650000,1,300,0,111.63,48.72,0,308
1700000069.700000,1,300,0,111.62,49.20,0,308
1700000069.750000,1,300,0,111.61,95.93,1,304
1700000069.800000,1,300,0,111.60,49.39,0,304
1700000069.850000,1,300,0,111.60,48.49,0,304
1700000069.900000,1,300,0,111.57,71.74,1,298
1700000069.950000,1,300,0,111.57,48.55,0,298
1700000070.000000,1,300,0,111.57,47.77,0,298
1700000070.050000,1,300,0,111.56,76.40,1,287
1700000070.100000,1,300,0,111.56,48.99,0,287
1700000070.150000,1,300,0,111.56,48.32,0,287
1700000070.200000,1,300,0,111.56,77.04,1,283
1700000070.250000,1,300,0,111.54,48.40,0,283
1700000070.300000,1,300,0,111.54,47.91,0,283
1700000070.350000,1,300,0,111.54,85.32,1,279
1700000070.400000,1,300,0,111.55,48.88,0,279
1700000070.450000,1,300,0,111.53,47.27,0,279
1700000070.500000,1,300,0,111.54,74.18,1,278
1700000070.550000,1,300,0,111.54,48.46,0,278
1700000070.600000,1,300,0,111.54,47.71,0,278
1700000070.650000,1,300,0,111.55,88.31,1,264
1700000070.700000,1,300,0,111.56,47.35,0,264
1700000070.750000,1,300,0,111.56,47.00,0,264
1700000070.800000,1,300,0,111.57,72.95,1,256
1700000070.850000,1,300,0,111.58,48.52,0,256
1700000070.900000,1,300,0,111.59,47.24,0,256
1700000070.950000,1,300,0,111.59,89.07,1,254
1700000071.000000,1,300,0,111.61,48.09,0,254
1700000071.050000,1,300,0,111.63,47.71,0,254
1700000071.100000,1,300,0,111.61,75.02,1,244
1700000071.150000,1,300,0,111.64,47.39,0,244
1700000071.200000,1,300,0,111.64,46.98,0,244
1700000071.250000,1,300,0,111.65,74.75,1,234
1700000071.300000,1,300,0,111.66,48.17,0,234
1700000071.350000,1,300,0,111.66,47.47,0,234
1700000071.400000,1,300,0,111.67,99.43,1,232
1700000071.450000,1,300,0,111.68,47.70,0,232
1700000071.500000,1,300,0,111.69,47.84,0,232
1700000071.550000,1,300,0,111.70,72.81,1,229
1700000071.600000,1,300,0,111.71,47.83,0,229
1700000071.650000,1,300,0,111.71,47.27,0,229
1700000071.700000,1,300,0,111.74,73.53,1,230
1700000071.750000,1,300,0,111.74,48.91,0,230
1700000071.800000,1,300,0,111.75,47.70,0,230
1700000071.850000,1,300,0,111.77,72.95,1,221
1700000071.900000,1,300,0,111.77,47.78,0,221
1700000071.950000,1,300,0,111.78,48.54,0,221
1700000072.000000,1,300,0,111.79,89.09,1,220
1700000072.050000,1,300,0,111.79,49.22,0,220
1700000072.100000,1,300,0,111.80,47.42,0,220
1700000072.150000,1,300,0,111.79,83.71,1,222
1700000072.200000,1,300,0,111.81,48.53,0,222
1700000072.250000,1,300,0,111.82,47.20,0,222
1700000072.300000,1,300,0,111.82,82.02,1,217
1700000072.350000,1,300,0,111.83,47.47,0,217
1700000072.400000,1,300,0,111.82,47.49,0,217
1700000072.450000,1,300,0,111.83,82.14,1,214
1700000072.500000,1,300,0,111.83,47.99,0,214
1700000072.550000,1,300,0,111.82,48.02,0,214
1700000072.600000,1,300,0,111.83,95.94,1,215
1700000072.650000,1,300,0,111.82,48.39,0,215
1700000072.700000,1,300,0,111.82,48.19,0,215
1700000072.750000,1,300,0,111.81,91.90,1,216
1700000072.800000,1,300,0,111.80,48.43,0,216
1700000072.850000,1,300,0,111.79,48.54,0,216
1700000072.900000,1,300,0,111.78,89.20,1,212
1700000072.950000,1,300,0,111.77,47.86,0,212
1700000073.000000,1,300,0,111.75,47.08,0,212
1700000073.050000,1,300,0,111.75,87.93,1,221
1700000073.100000,1,300,0,111.73,47.58,0,221
1700000073.150000,1,300,0,111.70,47.75,0,221
1700000073.200000,1,300,0,111.69,71.98,1,221
1700000073.250000,1,300,0,111.67,47.06,0,221
1700000073.300000,1,300,0,111.64,46.69,0,221
1700000073.350000,1,300,0,111.61,80.82,1,231
1700000073.400000,1,300,0,111.59,46.73,0,231
1700000073.450000,1,300,0,111.56,46.71,0,231
1700000073.500000,1,300,0,111.54,87.47,1,233
1700000073.550000,1,300,0,111.51,47.04,0,233
1700000073.600000,1,300,0,111.47,46.83,0,233
1700000073.650000,1,300,0,111.44,91.11,1,239
1700000073.700000,1,300,0,111.39,45.44,0,239
1700000073.750000,1,300,0,111.34,44.90,0,239
1700000073.800000,1,300,0,111.30,88.46,1,243
1700000073.850000,1,300,0,111.26,45.70,0,243
1700000073.900000,1,300,0,111.23,44.42,0,243
1700000073.950000,1,300,0,111.18,86.04,1,241
1700000074.000000,1,300,0,111.14,44.36,0,241
1700000074.050000,1,300,0,111.09,45.25,0,241
1700000074.100000,1,300,0,111.05,94.09,1,242
1700000074.150000,1,300,0,111.02,46.53,0,242
1700000074.200000,1,300,0,110.99,45.02,0,242
1700000074.250000,1,300,0,110.93,64.50,1,238
1700000074.300000,1,300,0,110.89,45.88,0,238
1700000074.350000,1,300,0,110.83,45.38,0,238
1700000074.400000,1,300,0,110.80,83.24,1,250
1700000074.450000,1,300,0,110.73,45.90,0,250
1700000074.500000,1,300,0,110.69,46.97,0,250
1700000074.550000,1,300,0,110.64,64.38,1,250
1700000074.600000,1,300,0,110.61,45.67,0,250
1700000074.650000,1,300,0,110.56,45.85,0,250
1700000074.700000,1,300,0,110.50,77.74,1,264
1700000074.750000,1,300,0,110.46,45.53,0,264
1700000074.800000,1,300,0,110.42,45.79,0,264
1700000074.850000,1,300,0,110.37,99.57,1,267
1700000074.900000,1,300,0,110.32,46.77,0,267
1700000074.950000,1,300,0,110.27,45.99,0,267
1700000075.000000,1,300,0,110.23,74.37,1,265
1700000075.050000,1,300,0,110.18,46.18,0,265
1700000075.100000,1,300,0,110.11,45.81,0,265
1700000075.150000,1,300,0,109.99,94.16,1,275
1700000075.200000,1,300,0,109.87,46.96,0,275
1700000075.250000,1,300,0,109.78,46.25,0,275
1700000075.300000,1,300,0,109.71,86.46,1,273
1700000075.350000,1,300,0,109.65,47.04,0,273
1700000075.400000,1,300,0,109.63,45.22,0,273
1700000075.450000,1,300,0,109.62,81.75,1,280
1700000075.500000,1,300,0,109.64,47.24,0,280
1700000075.550000,1,300,0,109.66,45.11,0,280
1700000075.600000,1,300,0,109.67,81.84,1,286
1700000075.650000,1,300,0,109.68,46.38,0,286
1700000075.700000,1,300,0,109.67,45.98,0,286
1700000075.750000,1,300,0,109.66,70.09,1,295
1700000075.800000,1,300,0,109.66,46.23,0,295
1700000075.850000,1,300,0,109.66,46.41,0,295
1700000075.900000,1,300,0,109.66,93.46,1,303
1700000075.950000,1,300,0,109.66,48.44,0,303
1700000076.000000,1,300,0,109.64,47.01,0,303
1700000076.050000,1,300,0,109.63,93.64,1,307
1700000076.100000,1,300,0,109.61,54.91,0,307
1700000076.150000,1,300,0,109.59,48.07,0,307
1700000076.200000,1,300,0,109.57,88.17,1,314
1700000076.250000,1,300,0,109.54,49.90,0,314
1700000076.300000,1,300,0,109.53,49.40,0,314
1700000076.350000,1,300,0,109.52,89.30,1,319
1700000076.400000,1,300,0,109.52,50.05,0,319
1700000076.450000,1,300,0,109.52,48.90,0,319
1700000076.500000,1,300,0,109.54,86.61,1,323
1700000076.550000,1,300,0,109.55,47.02,0,323
1700000076.600000,1,300,0,109.58,46.01,0,323
1700000076.650000,1,300,0,109.62,83.94,1,331
1700000076.700000,1,300,0,109.69,48.28,0,331
1700000076.750000,1,300,0,109.78,48.98,0,331
1700000076.800000,1,300,0,109.86,86.97,1,333
1700000076.850000,1,300,0,110.01,48.76,0,333
1700000076.900000,1,300,0,110.15,49.49,0,333
1700000076.950000,1,300,0,110.27,83.49,1,337
1700000077.000000,1,300,0,110.39,50.13,0,337
1700000077.050000,1,300,0,110.52,49.82,0,337
1700000077.100000,1,300,0,110.63,110.18,1,325
1700000077.150000,1,300,0,110.73,48.45,0,325
1700000077.200000,1,300,0,110.81,55.39,0,325
1700000077.250000,1,300,0,110.89,72.70,1,325
1700000077.300000,1,300,0,110.97,46.56,0,325
1700000077.350000,1,300,0,111.03,46.57,0,325
1700000077.400000,1,300,0,111.12,89.96,1,318
1700000077.450000,1,300,0,111.18,45.92,0,318
1700000077.500000,1,300,0,111.23,69.04,0,318
1700000077.550000,1,300,0,111.30,81.37,1,322
1700000077.600000,1,300,0,111.36,69.19,0,322
1700000077.650000,1,300,0,111.40,45.14,0,322
1700000077.700000,1,300,0,111.46,106.58,1,314
1700000077.750000,1,300,0,111.50,45.57,0,314
1700000077.800000,1,300,0,111.52,46.66,0,314
1700000077.850000,1,300,0,111.55,83.93,1,306
1700000077.900000,1,300,0,111.57,57.07,0,306
1700000077.950000,1,300,0,111.57,46.66,0,306
1700000078.000000,1,300,0,111.59,96.23,1,303
1700000078.050000,1,300,0,111.58,47.05,0,303
1700000078.100000,1,300,0,111.55,70.57,0,303
1700000078.150000,1,300,0,111.53,91.85,1,298
1700000078.200000,1,300,0,111.49,46.62,0,298
1700000078.250000,1,300,0,111.45,46.33,0,298
1700000078.300000,1,300,0,111.41,108.86,1,290
1700000078.350000,1,300,0,111.35,75.08,0,290
1700000078.400000,1,300,0,111.36,45.28,0,290
1700000078.450000,1,300,0,111.33,77.27,1,277
1700000078.500000,1,300,0,111.30,46.03,0,277
1700000078.550000,1,300,0,111.29,45.45,0,277
1700000078.600000,1,300,0,111.29,68.31,1,269
1700000078.650000,1,300,0,111.32,45.25,0,269
1700000078.700000,1,300,0,111.32,47.33,0,269
1700000078.750000,1,300,0,111.36,64.19,1,255
1700000078.800000,1,300,0,111.41,48.37,0,255
1700000078.850000,1,300,0,111.46,46.85,0,255
1700000078.900000,1,300,0,111.53,73.06,1,252
1700000078.950000,1,300,0,111.61,46.78,0,252
1700000079.000000,1,300,0,111.70,45.61,0,252
1700000079.050000,1,300,0,111.78,65.08,1,260
1700000079.100000,1,300,0,111.85,46.68,0,260
1700000079.150000,1,300,0,111.94,46.26,0,260
1700000079.200000,1,300,0,112.03,72.13,1,250
1700000079.250000,1,300,0,112.10,47.05,0,250
1700000079.300000,1,300,0,112.16,46.14,0,250
1700000079.350000,1,300,0,112.24,84.53,1,252
1700000079.400000,1,300,0,112.32,47.40,0,252
1700000079.450000,1,300,0,112.35,46.70,0,252
1700000079.500000,1,300,0,112.37,84.60,1,247
1700000079.550000,1,300,0,112.39,47.30,0,247
1700000079.600000,1,300,0,112.43,47.22,0,247
1700000079.650000,1,300,0,112.46,83.74,1,235
1700000079.700000,1,300,0,112.48,46.75,0,235
1700000079.750000,1,300,0,112.52,46.97,0,235
1700000079.800000,1,300,0,112.56,63.43,1,234
1700000079.850000,1,300,0,112.59,46.41,0,234
1700000079.900000,1,300,0,112.64,46.23,0,234
1700000079.950000,1,300,0,112.66,79.56,1,233
1700000080.000000,1,300,0,112.70,45.53,0,233
1700000080.050000,1,300,0,112.74,45.08,0,233
1700000080.100000,1,300,0,112.80,71.87,1,231
1700000080.150000,1,300,0,112.85,45.66,0,231
1700000080.200000,1,300,0,112.89,46.21,0,231
1700000080.250000,1,300,0,112.95,78.60,1,225
1700000080.300000,1,300,0,113.00,46.54,0,225
1700000080.350000,1,300,0,113.07,45.34,0,225
1700000080.400000,1,300,0,113.13,80.15,1,226
1700000080.450000,1,300,0,113.20,46.40,0,226
1700000080.500000,1,300,0,113.27,45.63,0,226
1700000080.550000,1,300,0,113.33,63.95,1,222
1700000080.600000,1,300,0,113.40,46.42,0,222
1700000080.650000,1,300,0,113.42,45.87,0,222
1700000080.700000,1,300,0,113.44,67.28,1,224
1700000080.750000,1,300,0,113.45,47.83,0,224
1700000080.800000,1,300,0,113.44,46.17,0,224
1700000080.850000,1,300,0,113.37,79.50,1,228
1700000080.900000,1,300,0,113.27,50.21,0,228
1700000080.950000,1,300,0,113.15,48.69,0,228
1700000081.000000,1,300,0,113.01,68.65,1,226
1700000081.050000,1,300,0,112.87,49.58,0,226
1700000081.100000,1,300,0,112.71,48.26,0,226
1700000081.150000,1,300,0,112.57,65.82,1,245
1700000081.200000,1,300,0,112.56,47.23,0,245
1700000081.250000,1,300,0,112.59,47.53,0,245
1700000081.300000,1,300,0,112.65,76.65,1,256
1700000081.350000,1,300,0,112.75,47.16,0,256
1700000081.400000,1,300,0,112.91,46.71,0,256
1700000081.450000,1,300,0,113.07,74.83,1,261
1700000081.500000,1,300,0,113.17,45.76,0,261
1700000081.550000,1,300,0,113.24,44.78,0,261
1700000081.600000,1,300,0,113.30,76.17,1,280
1700000081.650000,1,300,0,113.33,45.75,0,280
1700000081.700000,1,300,0,113.40,45.27,0,280
1700000081.750000,1,300,0,113.44,65.50,1,310
1700000081.800000,1,300,0,113.49,46.01,0,310
1700000081.850000,1,300,0,113.57,47.39,0,310
1700000081.900000,1,300,0,113.66,81.40,1,328
1700000081.950000,1,300,0,113.77,49.37,0,328
1700000082.000000,1,300,0,113.93,51.16,0,328
1700000082.050000,1,300,0,114.07,90.91,1,354
1700000082.100000,1,300,0,114.21,51.27,0,354
1700000082.150000,1,300,0,114.45,53.47,0,354
1700000082.200000,1,300,0,114.81,88.02,1,360
1700000082.250000,1,300,0,115.21,49.94,0,360
1700000082.300000,1,300,0,115.69,49.34,0,360
1700000082.350000,1,300,0,116.17,86.33,1,374
1700000082.400000,1,300,0,116.61,49.35,0,374
1700000082.450000,1,300,0,116.97,49.32,0,374
1700000082.500000,1,300,0,117.35,86.62,1,375
1700000082.550000,1,300,0,117.65,47.24,0,375
1700000082.600000,1,300,0,117.82,47.97,0,375
1700000082.650000,1,300,0,117.91,87.18,1,389
1700000082.700000,1,300,0,117.92,46.77,0,389
1700000082.750000,1,300,0,117.88,46.61,0,389
1700000082.800000,1,300,0,117.82,73.57,1,403
1700000082.850000,1,300,0,117.79,46.71,0,403
1700000082.900000,1,300,0,117.80,46.94,0,403
1700000082.950000,1,300,0,117.81,75.22,1,406
1700000083.000000,1,300,0,117.85,46.51,0,406
1700000083.050000,1,300,0,117.83,46.62,0,406
1700000083.100000,1,300,0,117.80,89.06,1,408
1700000083.150000,1,300,0,117.78,46.21,0,408
1700000083.200000,1,300,0,117.72,47.61,0,408
1700000083.250000,1,300,0,117.65,95.23,1,414
1700000083.300000,1,300,0,117.55,50.92,0,414
1700000083.350000,1,300,0,117.46,49.22,0,414
1700000083.400000,1,300,0,117.38,77.39,1,411
1700000083.450000,1,300,0,117.29,49.77,0,411
1700000083.500000,1,300,0,117.22,48.93,0,411
1700000083.550000,1,300,0,117.14,78.36,1,412
1700000083.600000,1,300,0,117.04,49.44,0,412
1700000083.650000,1,300,0,116.96,48.61,0,412
1700000083.700000,1,300,0,116.88,95.96,1,414
1700000083.750000,1,300,0,116.80,48.15,0,414
1700000083.800000,1,300,0,116.72,47.49,0,414
1700000083.850000,1,300,0,116.64,75.80,1,406
1700000083.900000,1,300,0,116.57,46.07,0,406
1700000083.950000,1,300,0,116.48,46.08,0,406
1700000084.000000,1,300,0,116.40,77.42,1,402
1700000084.050000,1,300,0,116.34,45.47,0,402
1700000084.100000,1,300,0,116.25,46.89,0,402
1700000084.150000,1,300,0,116.17,71.07,1,401
1700000084.200000,1,300,0,116.08,45.66,0,401
1700000084.250000,1,300,0,115.98,46.18,0,401
1700000084.300000,1,300,0,115.89,80.54,1,404
1700000084.350000,1,300,0,115.81,48.15,0,404
1700000084.400000,1,300,0,115.72,47.01,0,404
1700000084.450000,1,300,0,115.62,79.68,1,395
1700000084.500000,1,300,0,115.58,47.39,0,395
1700000084.550000,1,300,0,115.53,46.36,0,395
1700000084.600000,1,300,0,115.52,100.71,1,394
1700000084.650000,1,300,0,115.51,47.30,0,394
1700000084.700000,1,300,0,115.51,46.21,0,394
1700000084.750000,1,300,0,115.52,74.43,1,380
1700000084.800000,1,300,0,115.52,47.83,0,380
1700000084.850000,1,300,0,115.53,46.25,0,380
1700000084.900000,1,300,0,115.54,83.54,1,382
1700000084.950000,1,300,0,115.58,48.37,0,382
1700000085.000000,1,300,0,115.60,47.39,0,382
1700000085.050000,1,300,0,115.62,88.71,1,380
1700000085.100000,1,300,0,115.68,48.05,0,380
1700000085.150000,1,300,0,115.69,47.68,0,380
1700000085.200000,1,300,0,115.72,114.53,1,365
1700000085.250000,1,300,0,115.73,47.86,0,365
1700000085.300000,1,300,0,115.74,46.94,0,365
1700000085.350000,1,300,0,115.73,83.38,1,357
1700000085.400000,1,300,0,115.71,47.39,0,357
1700000085.450000,1,300,0,115.71,47.32,0,357
1700000085.500000,1,300,0,115.71,87.78,1,350
1700000085.550000,1,300,0,115.71,47.75,0,350
1700000085.600000,1,300,0,115.73,47.28,0,350
1700000085.650000,1,300,0,115.77,84.51,1,336
1700000085.700000,1,300,0,115.80,47.56,0,336
1700000085.750000,1,300,0,115.83,47.13,0,336
1700000085.800000,1,300,0,115.87,74.46,1,307
1700000085.850000,1,300,0,115.91,46.94,0,307
1700000085.900000,1,300,0,115.96,46.59,0,307
1700000085.950000,1,300,0,116.03,80.35,1,305
1700000086.000000,1,300,0,116.12,46.71,0,305
1700000086.050000,1,300,0,116.19,45.58,0,305
1700000086.100000,1,300,0,116.26,69.37,1,288
1700000086.150000,1,300,0,116.18,46.76,0,288
1700000086.200000,1,300,0,116.11,46.10,0,288
1700000086.250000,1,300,0,116.01,88.96,1,291
1700000086.300000,1,300,0,115.89,75.16,0,291
1700000086.350000,1,300,0,115.78,50.10,0,291
1700000086.400000,1,300,0,115.66,88.73,1,281
1700000086.450000,1,300,0,115.57,44.50,0,281
1700000086.500000,1,300,0,115.50,45.44,0,281
1700000086.550000,1,300,0,115.43,72.91,1,288
1700000086.600000,1,300,0,115.38,44.45,0,288
1700000086.650000,1,300,0,115.32,44.75,0,288
1700000086.700000,1,300,0,115.28,85.63,1,281
1700000086.750000,1,300,0,115.21,47.10,0,281
1700000086.800000,1,300,0,115.15,46.44,0,281
1700000086.850000,1,300,0,115.05,84.10,1,278
1700000086.900000,1,300,0,114.97,45.45,0,278
1700000086.950000,1,300,0,114.90,45.68,0,278
1700000087.000000,1,300,0,114.82,81.29,1,278
1700000087.050000,1,300,0,114.74,46.02,0,278
1700000087.100000,1,300,0,114.65,46.28,0,278
1700000087.150000,1,300,0,114.58,66.83,1,272
1700000087.200000,1,300,0,114.49,46.51,0,272
1700000087.250000,1,300,0,114.42,45.66,0,272
1700000087.300000,1,300,0,114.36,63.45,1,268
1700000087.350000,1,300,0,114.28,45.76,0,268
1700000087.400000,1,300,0,114.21,45.26,0,268
1700000087.450000,1,300,0,114.11,67.46,1,271
1700000087.500000,1,300,0,114.04,45.77,0,271
1700000087.550000,1,300,0,113.96,45.60,0,271
1700000087.600000,1,300,0,113.88,63.46,1,264
1700000087.650000,1,300,0,113.79,45.49,0,264
1700000087.700000,1,300,0,113.72,46.46,0,264
1700000087.750000,1,300,0,113.64,63.21,1,263
1700000087.800000,1,300,0,113.57,46.38,0,263
1700000087.850000,1,300,0,113.52,45.93,0,263
1700000087.900000,1,300,0,113.44,80.99,1,262
1700000087.950000,1,300,0,113.39,46.27,0,262
1700000088.000000,1,300,0,113.32,45.17,0,262
1700000088.050000,1,300,0,113.25,80.81,1,265
1700000088.100000,1,300,0,113.16,46.35,0,265
1700000088.150000,1,300,0,113.10,53.86,0,265
1700000088.200000,1,300,0,113.05,88.83,1,265
1700000088.250000,1,300,0,112.99,46.34,0,265
1700000088.300000,1,300,0,112.93,47.27,0,265
1700000088.350000,1,300,0,112.90,81.83,1,261
1700000088.400000,1,300,0,112.86,47.79,0,261
1700000088.450000,1,300,0,112.85,48.52,0,261
1700000088.500000,1,300,0,112.78,82.56,1,265
1700000088.550000,1,300,0,112.73,47.48,0,265
1700000088.600000,1,300,0,112.69,46.08,0,265
1700000088.650000,1,300,0,112.64,82.09,1,273
1700000088.700000,1,300,0,112.60,46.65,0,273
1700000088.750000,1,300,0,112.59,46.73,0,273
1700000088.800000,1,300,0,112.63,64.54,1,279
1700000088.850000,1,300,0,112.68,47.91,0,279
1700000088.900000,1,300,0,112.71,47.20,0,279
1700000088.950000,1,300,0,112.76,65.42,1,281
1700000089.000000,1,300,0,112.82,46.86,0,281
1700000089.050000,1,300,0,112.91,47.11,0,281
1700000089.100000,1,300,0,112.99,64.47,1,294
1700000089.150000,1,300,0,113.13,48.02,0,294
1700000089.200000,1,300,0,113.28,46.62,0,294
1700000089.250000,1,300,0,113.44,64.74,1,308
1700000089.300000,1,300,0,113.67,46.75,0,308
1700000089.350000,1,300,0,113.84,45.95,0,308
1700000089.400000,1,300,0,114.02,82.55,1,308
1700000089.450000,1,300,0,114.12,46.06,0,308
1700000089.500000,1,300,0,114.21,45.12,0,308
1700000089.550000,1,300,0,114.30,81.48,1,318
1700000089.600000,1,300,0,114.45,45.37,0,318
1700000089.650000,1,300,0,114.59,46.83,0,318
1700000089.700000,1,300,0,114.70,82.66,1,331
1700000089.750000,1,300,0,114.79,46.91,0,331
1700000089.800000,1,300,0,114.87,46.52,0,331
1700000089.850000,1,300,0,114.94,85.45,1,339
1700000089.900000,1,300,0,114.96,47.91,0,339
1700000089.950000,1,300,0,114.99,47.25,0,339
1700000090.000000,1,300,0,115.04,84.65,1,324
1700000090.050000,1,300,0,115.08,48.03,0,324
1700000090.100000,1,300,0,115.13,47.32,0,324
1700000090.150000,1,300,0,115.22,85.48,1,317
1700000090.200000,1,300,0,115.33,46.91,0,317
1700000090.250000,1,300,0,115.43,47.60,0,317
1700000090.300000,1,300,0,115.52,81.56,1,312
1700000090.350000,1,300,0,115.60,47.23,0,312
1700000090.400000,1,300,0,115.66,46.74,0,312
1700000090.450000,1,300,0,115.75,81.08,1,303
1700000090.500000,1,300,0,115.82,46.99,0,303
1700000090.550000,1,300,0,115.89,46.50,0,303
1700000090.600000,1,300,0,115.96,65.39,1,295
1700000090.650000,1,300,0,116.03,48.75,0,295
1700000090.700000,1,300,0,116.11,47.06,0,295
1700000090.750000,1,300,0,116.19,65.95,1,294
1700000090.800000,1,300,0,116.26,47.16,0,294
1700000090.850000,1,300,0,116.34,47.29,0,294
1700000090.900000,1,300,0,116.41,80.32,1,291
1700000090.950000,1,300,0,116.49,48.25,0,291
1700000091.000000,1,300,0,116.55,50.32,0,291
1700000091.050000,1,300,0,116.62,74.18,1,290
1700000091.100000,1,300,0,116.68,48.57,0,290
1700000091.150000,1,300,0,116.72,47.94,0,290
1700000091.200000,1,300,0,116.77,72.50,1,296
1700000091.250000,1,300,0,116.83,47.50,0,296
1700000091.300000,1,300,0,116.87,46.91,0,296
1700000091.350000,1,300,0,116.91,72.77,1,295
1700000091.400000,1,300,0,116.97,46.94,0,295
1700000091.450000,1,300,0,117.00,47.48,0,295
1700000091.500000,1,300,0,117.03,67.19,1,291
1700000091.550000,1,300,0,117.06,47.68,0,291
1700000091.600000,1,300,0,117.08,47.63,0,291
1700000091.650000,1,300,0,117.11,68.30,1,299
1700000091.700000,1,300,0,117.12,48.80,0,299
1700000091.750000,1,300,0,117.13,47.45,0,299
1700000091.800000,1,300,0,117.14,74.61,1,298
1700000091.850000,1,300,0,117.14,50.20,0,298
1700000091.900000,1,300,0,117.16,48.20,0,298
1700000091.950000,1,300,0,117.17,69.82,1,303
1700000092.000000,1,300,0,117.16,48.92,0,303
1700000092.050000,1,300,0,117.17,47.92,0,303
1700000092.100000,1,300,0,117.16,77.35,1,305
1700000092.150000,1,300,0,117.16,49.20,0,305
1700000092.200000,1,300,0,117.17,47.38,0,305
1700000092.250000,1,300,0,117.14,75.66,1,303
1700000092.300000,1,300,0,117.14,47.82,0,303
1700000092.350000,1,300,0,117.12,48.30,0,303
1700000092.400000,1,300,0,117.12,76.25,1,303
1700000092.450000,1,300,0,117.11,47.81,0,303
1700000092.500000,1,300,0,117.09,47.96,0,303
1700000092.550000,1,300,0,117.08,76.75,1,313
1700000092.600000,1,300,0,117.06,48.24,0,313
1700000092.650000,1,300,0,117.05,47.14,0,313
1700000092.700000,1,300,0,117.01,97.44,1,307
1700000092.750000,1,300,0,116.99,47.73,0,307
1700000092.800000,1,300,0,117.01,48.08,0,307
1700000092.850000,1,300,0,116.96,93.07,1,305
1700000092.900000,1,300,0,116.97,47.80,0,305
1700000092.950000,1,300,0,116.97,47.21,0,305
1700000093.000000,1,300,0,116.97,80.56,1,305
1700000093.050000,1,300,0,116.95,47.91,0,305
1700000093.100000,1,300,0,116.92,46.96,0,305
1700000093.150000,1,300,0,116.93,104.76,1,291
1700000093.200000,1,300,0,116.92,47.73,0,291
1700000093.250000,1,300,0,116.89,47.38,0,291
1700000093.300000,1,300,0,116.89,112.51,1,276
1700000093.350000,1,300,0,116.88,47.72,0,276
1700000093.400000,1,300,0,116.88,47.55,0,276
1700000093.450000,1,300,0,116.87,90.38,1,273
1700000093.500000,1,300,0,116.89,48.06,0,273
1700000093.550000,1,300,0,116.88,48.44,0,273
1700000093.600000,1,300,0,116.89,85.39,1,272
1700000093.650000,1,300,0,116.89,46.93,0,272
1700000093.700000,1,300,0,116.91,46.67,0,272
1700000093.750000,1,300,0,116.91,98.21,1,268
1700000093.800000,1,300,0,116.93,47.96,0,268
1700000093.850000,1,300,0,116.96,46.11,0,268
1700000093.900000,1,300,0,116.96,86.72,1,271
1700000093.950000,1,300,0,116.99,46.99,0,271
1700000094.000000,1,300,0,117.01,47.07,0,271
1700000094.050000,1,300,0,117.04,77.12,1,268
1700000094.100000,1,300,0,117.06,48.35,0,268
1700000094.150000,1,300,0,117.08,47.68,0,268
1700000094.200000,1,300,0,117.10,89.81,1,272
1700000094.250000,1,300,0,117.12,48.60,0,272
1700000094.300000,1,300,0,117.14,48.95,0,272
1700000094.350000,1,300,0,117.17,79.45,1,272
1700000094.400000,1,300,0,117.18,47.60,0,272
1700000094.450000,1,300,0,117.20,47.27,0,272
1700000094.500000,1,300,0,117.21,83.97,1,284
1700000094.550000,1,300,0,117.22,47.79,0,284
1700000094.600000,1,300,0,117.24,46.97,0,284
1700000094.650000,1,300,0,117.26,66.83,1,286
1700000094.700000,1,300,0,117.28,48.32,0,286
1700000094.750000,1,300,0,117.30,46.71,0,286
1700000094.800000,1,300,0,117.31,91.59,1,284
1700000094.850000,1,300,0,117.32,48.96,0,284
1700000094.900000,1,300,0,117.34,48.72,0,284
1700000094.950000,1,300,0,117.37,80.85,1,284
1700000095.000000,1,300,0,117.40,46.84,0,284
1700000095.050000,1,300,0,117.42,47.48,0,284
1700000095.100000,1,300,0,117.45,72.56,1,288
1700000095.150000,1,300,0,117.50,47.85,0,288
1700000095.200000,1,300,0,117.48,48.50,0,288
1700000095.250000,1,300,0,117.52,70.81,1,286
1700000095.300000,1,300,0,117.53,48.84,0,286
1700000095.350000,1,300,0,117.55,47.48,0,286
1700000095.400000,1,300,0,117.58,85.85,1,296
1700000095.450000,1,300,0,117.58,47.90,0,296
1700000095.500000,1,300,0,117.60,47.15,0,296
1700000095.550000,1,300,0,117.60,85.95,1,297
1700000095.600000,1,300,0,117.60,47.40,0,297
1700000095.650000,1,300,0,117.59,47.16,0,297
1700000095.700000,1,300,0,117.60,81.36,1,296
1700000095.750000,1,300,0,117.60,47.56,0,296
1700000095.800000,1,300,0,117.60,46.93,0,296
1700000095.850000,1,300,0,117.60,82.77,1,295
1700000095.900000,1,300,0,117.61,47.47,0,295
1700000095.950000,1,300,0,117.62,48.43,0,295
1700000096.000000,1,300,0,117.61,82.91,1,282
1700000096.050000,1,300,0,117.61,47.51,0,282
1700000096.100000,1,300,0,117.63,47.16,0,282
1700000096.150000,1,300,0,117.63,78.95,1,287
1700000096.200000,1,300,0,117.63,48.03,0,287
1700000096.250000,1,300,0,117.64,46.94,0,287
1700000096.300000,1,300,0,117.64,81.76,1,280
1700000096.350000,1,300,0,117.62,47.42,0,280
1700000096.400000,1,300,0,117.62,46.44,0,280
1700000096.450000,1,300,0,117.60,88.64,1,282
1700000096.500000,1,300,0,117.61,46.27,0,282
1700000096.550000,1,300,0,117.59,46.48,0,282
1700000096.600000,1,300,0,117.58,89.55,1,271
1700000096.650000,1,300,0,117.57,46.84,0,271
1700000096.700000,1,300,0,117.55,46.20,0,271
1700000096.750000,1,300,0,117.54,91.08,1,275
1700000096.800000,1,300,0,117.53,47.90,0,275
1700000096.850000,1,300,0,117.50,46.98,0,275
1700000096.900000,1,300,0,117.47,89.39,1,277
1700000096.950000,1,300,0,117.44,46.24,0,277
1700000097.000000,1,300,0,117.41,46.70,0,277
1700000097.050000,1,300,0,117.40,88.98,1,270
1700000097.100000,1,300,0,117.36,46.19,0,270
1700000097.150000,1,300,0,117.31,46.05,0,270
1700000097.200000,1,300,0,117.27,93.93,1,278
1700000097.250000,1,300,0,117.24,45.95,0,278
1700000097.300000,1,300,0,117.19,45.30,0,278
1700000097.350000,1,300,0,117.14,73.51,1,284
1700000097.400000,1,300,0,117.10,45.24,0,284
1700000097.450000,1,300,0,117.06,44.97,0,284
1700000097.500000,1,300,0,117.03,72.49,1,288
1700000097.550000,1,300,0,116.97,45.62,0,288
1700000097.600000,1,300,0,116.94,45.36,0,288
1700000097.650000,1,300,0,116.91,86.38,1,290
1700000097.700000,1,300,0,116.87,45.51,0,290
1700000097.750000,1,300,0,116.83,44.96,0,290
1700000097.800000,1,300,0,116.77,69.20,1,292
1700000097.850000,1,300,0,116.76,46.30,0,292
1700000097.900000,1,300,0,116.73,44.44,0,292
1700000097.950000,1,300,0,116.68,82.00,1,288
1700000098.000000,1,300,0,116.63,44.56,0,288
1700000098.050000,1,300,0,116.58,44.87,0,288
1700000098.100000,1,300,0,116.54,81.87,1,287
1700000098.150000,1,300,0,116.49,44.55,0,287
1700000098.200000,1,300,0,116.44,44.23,0,287
1700000098.250000,1,300,0,116.37,81.83,1,283
1700000098.300000,1,300,0,116.31,45.83,0,283
1700000098.350000,1,300,0,116.24,44.76,0,283
1700000098.400000,1,300,0,116.18,80.83,1,290
1700000098.450000,1,300,0,116.11,44.83,0,290
1700000098.500000,1,300,0,116.05,44.64,0,290
1700000098.550000,1,300,0,115.98,80.60,1,285
1700000098.600000,1,300,0,115.90,44.44,0,285
1700000098.650000,1,300,0,115.83,44.11,0,285
1700000098.700000,1,300,0,115.75,79.75,1,288
1700000098.750000,1,300,0,115.66,45.55,0,288
1700000098.800000,1,300,0,115.57,45.01,0,288
1700000098.850000,1,300,0,115.49,83.13,1,285
1700000098.900000,1,300,0,115.40,45.45,0,285
1700000098.950000,1,300,0,115.32,45.11,0,285
1700000099.000000,1,300,0,115.23,81.60,1,285
1700000099.050000,1,300,0,115.12,45.85,0,285
1700000099.100000,1,300,0,114.99,46.17,0,285
1700000099.150000,1,300,0,114.82,82.75,1,280
1700000099.200000,1,300,0,114.60,45.43,0,280
1700000099.250000,1,300,0,114.09,44.86,0,280
1700000099.300000,1,300,0,113.50,64.37,1,281
1700000099.350000,1,300,0,112.76,43.72,0,281
1700000099.400000,1,300,0,112.10,43.28,0,281
1700000099.450000,1,300,0,111.17,78.21,1,275
1700000099.500000,1,300,0,110.23,41.65,0,275
1700000099.550000,1,300,0,109.49,42.15,0,275
1700000099.600000,1,300,0,109.29,78.78,1,285
1700000099.650000,1,300,0,110.37,43.31,0,285
1700000099.700000,1,300,0,114.08,45.62,0,285
1700000099.750000,1,300,0,119.26,65.53,1,290
1700000099.800000,1,300,0,117.47,45.17,0,290
1700000099.850000,1,300,0,116.31,44.81,0,290
1700000099.900000,1,300,0,114.68,81.49,1,323
1700000099.950000,1,300,0,113.99,43.38,0,323
1700000100.000000,1,300,0,113.37,43.98,0,323
1700000100.050000,1,300,0,113.03,73.11,1,338
1700000100.100000,1,300,0,112.69,44.62,0,338
1700000100.150000,1,300,0,112.49,44.38,0,338
1700000100.200000,1,300,0,112.44,82.30,1,334
1700000100.250000,1,300,0,112.50,45.14,0,334
1700000100.300000,1,300,0,112.67,45.23,0,334
1700000100.350000,1,300,0,112.75,84.98,1,342
1700000100.400000,1,300,0,112.79,46.27,0,342
1700000100.450000,1,300,0,112.88,45.68,0,342
1700000100.500000,1,300,0,113.00,85.32,1,341
1700000100.550000,1,300,0,113.02,45.67,0,341
1700000100.600000,1,300,0,112.99,46.35,0,341
1700000100.650000,1,300,0,112.92,85.88,1,344
1700000100.700000,1,300,0,112.86,45.88,0,344
1700000100.750000,1,300,0,112.80,46.99,0,344
1700000100.800000,1,300,0,112.76,87.05,1,341
1700000100.850000,1,300,0,112.73,46.41,0,341
1700000100.900000,1,300,0,112.74,47.94,0,341
1700000100.950000,1,300,0,112.75,87.77,1,339
1700000101.000000,1,300,0,112.75,47.10,0,339
1700000101.050000,1,300,0,112.74,47.65,0,339
1700000101.100000,1,300,0,112.75,89.34,1,344
1700000101.150000,1,300,0,112.78,46.72,0,344
1700000101.200000,1,300,0,112.84,46.91,0,344
1700000101.250000,1,300,0,112.92,82.91,1,339
1700000101.300000,1,300,0,113.00,47.20,0,339
1700000101.350000,1,300,1,113.15,47.88,0,339
1700000101.400000,1,300,0,113.32,80.75,1,339
1700000101.450000,1,300,0,113.44,45.70,0,339
1700000101.500000,1,300,0,113.47,45.61,0,339
1700000101.550000,1,300,1,113.45,76.29,1,335
1700000101.600000,1,300,0,113.37,45.08,0,335
1700000101.650000,1,300,0,113.24,45.32,0,335
1700000101.700000,1,300,0,113.12,81.03,1,335
1700000101.750000,1,300,0,113.07,44.72,0,335
1700000101.800000,1,300,0,113.02,45.54,0,335
1700000101.850000,1,300,0,112.99,66.73,1,324
1700000101.900000,1,300,0,112.95,45.15,0,324
1700000101.950000,1,300,0,112.90,44.71,0,324
1700000102.000000,1,300,0,112.88,80.96,1,325
1700000102.050000,1,300,0,112.86,43.83,0,325
1700000102.100000,1,300,0,112.85,43.47,0,325
1700000102.150000,1,300,0,112.86,66.05,1,323
1700000102.200000,1,300,0,112.85,43.61,0,323
1700000102.250000,1,300,0,112.89,44.98,0,323
1700000102.300000,1,300,0,112.89,85.06,1,323
1700000102.350000,1,300,0,112.86,43.13,0,323
1700000102.400000,1,300,0,112.82,43.04,0,323
1700000102.450000,1,300,0,112.76,85.13,1,314
1700000102.500000,1,300,0,112.72,42.86,0,314
1700000102.550000,1,300,0,112.62,43.53,0,314
1700000102.600000,1,300,0,112.52,82.16,1,306
1700000102.650000,1,300,0,112.41,43.62,0,306
1700000102.700000,1,300,0,112.30,42.87,0,306
1700000102.750000,1,300,0,112.16,85.12,1,309
1700000102.800000,1,300,0,112.02,42.96,0,309
1700000102.850000,1,300,0,111.88,43.15,0,309
1700000102.900000,1,300,0,111.74,85.89,1,314
1700000102.950000,1,300,0,111.60,42.62,0,314
1700000103.000000,1,300,0,111.45,41.91,0,314
1700000103.050000,1,300,0,111.29,63.83,1,316
1700000103.100000,1,300,0,111.13,42.33,0,316
1700000103.150000,1,300,0,111.03,42.50,0,316
1700000103.200000,1,300,0,110.95,86.29,1,316
1700000103.250000,1,300,0,110.90,42.71,0,316
1700000103.300000,1,300,0,110.86,42.14,0,316
1700000103.350000,1,300,0,110.83,65.75,1,308
1700000103.400000,1,300,0,110.78,42.63,0,308
1700000103.450000,1,300,0,110.76,43.05,0,308
1700000103.500000,1,300,0,110.75,65.40,1,305
1700000103.550000,1,300,0,110.73,42.29,0,305
1700000103.600000,1,300,0,110.74,43.04,0,305
1700000103.650000,1,300,0,110.74,83.77,1,300
1700000103.700000,1,300,0,110.76,42.74,0,300
1700000103.750000,1,300,0,110.76,42.29,0,300
1700000103.800000,1,300,0,110.78,84.28,1,292
1700000103.850000,1,300,0,110.80,42.43,0,292
1700000103.900000,1,300,0,110.83,43.28,0,292
1700000103.950000,1,300,0,110.86,58.50,1,265
1700000104.000000,1,300,0,110.87,42.06,0,265
1700000104.050000,1,300,0,110.86,42.52,0,265
1700000104.100000,1,300,0,110.87,57.58,1,267
1700000104.150000,1,300,0,110.86,43.22,0,267
1700000104.200000,1,300,0,110.86,42.92,0,267
1700000104.250000,1,300,0,110.86,59.06,1,269
1700000104.300000,1,300,0,110.86,43.15,0,269
1700000104.350000,1,300,0,110.87,43.54,0,269
1700000104.400000,1,300,0,110.84,74.04,1,263
1700000104.450000,1,300,0,110.84,43.61,0,263
1700000104.500000,1,300,0,110.84,43.52,0,263
1700000104.550000,1,300,0,110.84,75.28,1,258
1700000104.600000,1,300,0,110.83,43.67,0,258
1700000104.650000,1,300,0,110.83,44.26,0,258
1700000104.700000,1,300,0,110.83,75.45,1,250
1700000104.750000,1,300,0,110.82,43.75,0,250
1700000104.800000,1,300,0,110.80,43.17,0,250
1700000104.850000,1,300,0,110.80,75.14,1,245
1700000104.900000,1,300,0,110.80,42.32,0,245
1700000104.950000,1,300,0,110.80,42.75,0,245
1700000105.000000,1,300,0,110.79,75.44,1,242
1700000105.050000,1,300,0,110.80,42.33,0,242
1700000105.100000,1,300,0,110.79,42.93,0,242
1700000105.150000,1,300,0,110.78,75.92,1,231
1700000105.200000,1,300,0,110.78,42.14,0,231
1700000105.250000,1,300,0,110.77,42.98,0,231
1700000105.300000,1,300,0,110.76,67.05,1,232
1700000105.350000,1,300,0,110.76,43.16,0,232
1700000105.400000,1,300,0,110.76,43.01,0,232
1700000105.450000,1,300,0,110.78,77.17,1,232
1700000105.500000,1,300,0,110.77,42.64,0,232
1700000105.550000,1,300,0,110.78,42.64,0,232
1700000105.600000,1,300,0,110.79,59.70,1,225
1700000105.650000,1,300,0,110.81,42.35,0,225
1700000105.700000,1,300,0,110.80,40.94,0,225
1700000105.750000,1,300,0,110.84,68.46,1,218
1700000105.800000,1,300,0,110.86,40.36,0,218
1700000105.850000,1,300,0,110.87,40.39,0,218
1700000105.900000,1,300,0,110.90,71.63,1,226
1700000105.950000,1,300,0,110.91,40.61,0,226
1700000106.000000,1,300,0,110.95,40.39,0,226
1700000106.050000,1,300,0,110.97,71.77,1,218
1700000106.100000,1,300,0,111.00,40.41,0,218
1700000106.150000,1,300,0,111.02,40.99,0,218
1700000106.200000,1,300,0,111.05,74.15,1,221
1700000106.250000,1,300,0,111.07,41.31,0,221
1700000106.300000,1,300,0,111.10,42.75,0,221
1700000106.350000,1,300,0,111.13,73.48,1,217
1700000106.400000,1,300,0,111.15,56.36,0,217
1700000106.450000,1,300,0,111.16,41.78,0,217
1700000106.500000,1,300,0,111.20,77.84,1,214
1700000106.550000,1,300,0,111.22,42.99,0,214
1700000106.600000,1,300,0,111.25,42.48,0,214
1700000106.650000,1,300,0,111.27,76.72,1,222
1700000106.700000,1,300,0,111.29,43.79,0,222
1700000106.750000,1,300,0,111.32,43.16,0,222
1700000106.800000,1,300,0,111.34,78.73,1,214
1700000106.850000,1,300,0,111.37,43.70,0,214
1700000106.900000,1,300,0,111.37,44.21,0,214
1700000106.950000,1,300,0,111.38,67.95,1,211
1700000107.000000,1,300,0,111.41,44.56,0,211
1700000107.050000,1,300,0,111.42,43.94,0,211
1700000107.100000,1,300,0,111.43,62.06,1,211
1700000107.150000,1,300,0,111.46,44.21,0,211
1700000107.200000,1,300,0,111.49,44.83,0,211
1700000107.250000,1,300,0,111.49,67.75,1,212
1700000107.300000,1,300,0,111.51,44.20,0,212
1700000107.350000,1,300,0,111.54,44.39,0,212
1700000107.400000,1,300,0,111.57,67.98,1,215
1700000107.450000,1,300,0,111.58,45.28,0,215
1700000107.500000,1,300,0,111.62,44.59,0,215
1700000107.550000,1,300,0,111.64,67.38,1,219
1700000107.600000,1,300,0,111.67,45.84,0,219
1700000107.650000,1,300,0,111.69,44.89,0,219
1700000107.700000,1,300,0,111.72,73.17,1,216
1700000107.750000,1,300,0,111.74,44.61,0,216
1700000107.800000,1,300,0,111.77,44.32,0,216
1700000107.850000,1,300,0,111.80,79.69,1,217
1700000107.900000,1,300,0,111.82,45.70,0,217
1700000107.950000,1,300,0,111.85,44.32,0,217
1700000108.000000,1,300,0,111.90,72.32,1,218
1700000108.050000,1,300,0,111.92,44.66,0,218
1700000108.100000,1,300,0,111.95,44.58,0,218
1700000108.150000,1,300,0,111.98,82.80,1,207
1700000108.200000,1,300,0,112.03,45.64,0,207
1700000108.250000,1,300,0,112.06,44.13,0,207
1700000108.300000,1,300,0,112.08,79.73,1,204
1700000108.350000,1,300,0,112.13,44.49,0,204
1700000108.400000,1,300,0,112.17,43.40,0,204
1700000108.450000,1,300,0,112.21,79.43,1,209
1700000108.500000,1,300,0,112.26,44.75,0,209
1700000108.550000,1,300,0,112.29,43.58,0,209
1700000108.600000,1,300,0,112.32,74.93,1,210
1700000108.650000,1,300,0,112.37,44.30,0,210
1700000108.700000,1,300,0,112.42,44.01,0,210
1700000108.750000,1,300,0,112.43,74.55,1,213
1700000108.800000,1,300,0,112.48,44.92,0,213
1700000108.850000,1,300,0,112.52,44.06,0,213
1700000108.900000,1,300,0,112.55,71.89,1,213
1700000108.950000,1,300,0,112.60,44.29,0,213
1700000109.000000,1,300,0,112.63,45.53,0,213
1700000109.050000,1,300,0,112.65,72.24,1,213
1700000109.100000,1,300,0,112.70,45.91,0,213
1700000109.150000,1,300,0,112.72,45.37,0,213
1700000109.200000,1,300,0,112.73,74.34,1,222
1700000109.250000,1,300,0,112.79,47.27,0,222
1700000109.300000,1,300,0,112.82,46.08,0,222
1700000109.350000,1,300,0,112.86,73.42,1,220
1700000109.400000,1,300,0,112.90,46.08,0,220
1700000109.450000,1,300,0,112.93,45.46,0,220
1700000109.500000,1,300,0,112.99,73.30,1,219
1700000109.550000,1,300,0,113.03,45.78,0,219
1700000109.600000,1,300,0,113.08,46.55,0,219
1700000109.650000,1,300,0,113.13,74.21,1,223
1700000109.700000,1,300,0,113.18,46.24,0,223
1700000109.750000,1,300,0,113.23,46.00,0,223
1700000109.800000,1,300,0,113.28,75.02,1,224
1700000109.850000,1,300,0,113.35,46.92,0,224
1700000109.900000,1,300,0,113.44,47.80,0,224
1700000109.950000,1,300,0,113.54,76.31,1,225
