t,tracked,n_obs0,n_obs1,mean0,ms,keyframe,n_landmarks,allobs
1520530308.199448,0,0,0,32.81,1.85,0,0,0/0
1520530308.249449,0,0,0,32.97,0.83,0,0,0/0
1520530308.299451,0,0,0,32.88,0.88,0,0,0/0
1520530308.349503,0,0,0,34.46,0.70,0,0,0/0
1520530308.399505,0,0,0,34.83,0.95,0,0,0/0
1520530308.449505,0,0,0,34.94,0.99,0,0,0/0
1520530308.499506,0,0,0,34.57,1.57,0,0,0/0
1520530308.549508,0,0,0,34.72,1.41,0,0,0/0
1520530308.599509,0,0,0,34.80,1.59,0,0,0/0
1520530308.649555,0,0,0,34.70,0.71,0,0,0/0
1520530308.699512,0,0,0,34.58,0.91,0,0,0/0
1520530308.749559,0,0,0,36.16,0.78,0,0,0/0
1520530308.799560,0,0,0,36.06,0.77,0,0,0/0
1520530308.849562,0,0,0,36.08,0.70,0,0,0/0
1520530308.899563,0,0,0,36.16,0.88,0,0,0/0
1520530308.949565,0,0,0,36.42,0.75,0,0,0/0
1520530308.999567,0,0,0,36.31,0.85,0,0,0/0
1520530309.049568,0,0,0,36.56,1.09,0,0,0/0
1520530309.099570,0,0,0,36.48,0.77,0,0,0/0
1520530309.149567,0,0,0,36.26,0.80,0,0,0/0
1520530309.199583,0,0,0,36.84,0.93,0,0,0/0
1520530309.249583,0,0,0,36.56,0.71,0,0,0/0
1520530309.299586,0,0,0,36.86,0.81,0,0,0/0
1520530309.349586,0,0,0,36.84,0.73,0,0,0/0
1520530309.399589,0,0,0,36.56,1.43,0,0,0/0
1520530309.449590,0,0,0,36.54,1.41,0,0,0/0
1520530309.499591,0,0,0,36.69,1.20,0,0,0/0
1520530309.549594,0,0,0,36.90,1.09,0,0,0/0
1520530309.599597,0,0,0,36.75,1.11,0,0,0/0
1520530309.649599,0,0,0,37.06,1.07,0,0,0/0
1520530309.699600,0,0,0,37.13,1.16,0,0,0/0
1520530309.749602,0,0,0,37.06,0.72,0,0,0/0
1520530309.799603,0,0,0,36.94,0.82,0,0,0/0
1520530309.849605,0,0,0,37.12,0.67,0,0,0/0
1520530309.899606,0,0,0,37.19,0.74,0,0,0/0
1520530309.949608,0,0,0,36.80,0.79,0,0,0/0
1520530309.999622,0,0,0,37.51,0.77,0,0,0/0
1520530310.049623,0,0,0,37.44,0.67,0,0,0/0
1520530310.099625,0,0,0,37.51,1.23,0,0,0/0
1520530310.149627,0,0,0,37.62,1.44,0,0,0/0
1520530310.199628,0,0,0,37.76,1.54,0,0,0/0
1520530310.249729,0,0,0,37.48,1.67,0,0,0/0
1520530310.299631,0,0,0,37.60,0.76,0,0,0/0
1520530310.349633,0,0,0,37.51,1.03,0,0,0/0
1520530310.399625,0,0,0,37.22,0.67,0,0,0/0
1520530310.449627,0,0,0,37.11,0.71,0,0,0/0
1520530310.499628,0,0,0,37.30,0.73,0,0,0/0
1520530310.549630,0,0,0,37.27,0.68,0,0,0/0
1520530310.599632,0,0,0,37.29,0.93,0,0,0/0
1520530310.649633,0,0,0,37.27,0.74,0,0,0/0
1520530310.699635,0,0,0,37.18,0.79,0,0,0/0
1520530310.749636,0,0,0,37.14,0.96,0,0,0/0
1520530310.799651,0,0,0,37.75,0.90,0,0,0/0
1520530310.849652,0,0,0,37.79,0.82,0,0,0/0
1520530310.899654,0,0,0,38.00,1.20,0,0,0/0
1520530310.949655,0,0,0,37.84,1.43,0,0,0/0
1520530310.999657,0,0,0,37.81,1.42,0,0,0/0
1520530311.049659,0,0,0,37.88,1.35,0,0,0/0
1520530311.099660,1,115,99,37.72,30.61,1,99,115/99
1520530311.149662,1,220,172,38.00,12.65,0,99,220/172
1520530311.199672,1,225,177,38.23,14.24,0,99,225/177
1520530311.249673,1,219,175,38.21,27.22,1,185,219/175
1520530311.299675,1,216,175,38.06,14.88,0,185,216/175
1520530311.349677,1,215,172,38.18,13.76,0,185,215/172
1520530311.399678,1,215,176,38.19,31.87,1,220,215/176
1520530311.449679,1,216,175,38.15,15.22,0,220,216/175
1520530311.499684,1,227,178,38.18,13.51,0,220,227/178
1520530311.549683,1,228,179,38.12,37.06,1,234,228/179
1520530311.599684,1,226,176,38.31,12.92,0,234,226/176
1520530311.649719,1,227,177,39.47,11.89,0,234,227/177
1520530311.699720,1,226,180,39.30,54.97,1,249,226/180
1520530311.749722,1,226,179,39.57,13.45,0,249,226/179
1520530311.799723,1,227,180,39.43,12.79,0,249,227/180
1520530311.849725,1,227,177,39.32,41.89,1,243,227/177
1520530311.899726,1,223,178,39.37,12.82,0,243,223/178
1520530311.949728,1,227,182,39.37,16.45,0,243,227/182
1520530311.999729,1,230,183,39.33,50.72,1,251,230/183
1520530312.049721,1,227,180,38.87,17.42,0,251,227/180
1520530312.099721,1,229,184,39.11,16.28,0,251,229/184
1520530312.149723,1,232,182,38.97,42.85,1,269,232/182
1520530312.199726,1,226,178,39.22,13.02,0,269,226/178
1520530312.249727,1,252,194,39.22,10.62,0,269,252/194
1520530312.299728,1,257,200,38.95,62.34,1,292,257/200
1520530312.349730,1,260,202,38.93,12.07,0,292,260/202
1520530312.399731,1,260,203,38.95,11.88,0,292,260/203
1520530312.449712,1,260,200,38.31,62.24,1,301,260/200
1520530312.499714,1,257,202,38.34,12.18,0,301,257/202
1520530312.549715,1,258,202,38.47,15.23,0,301,258/202
1520530312.599717,1,258,200,38.40,103.86,1,311,258/200
1520530312.649719,1,254,197,38.30,16.68,0,311,254/197
1520530312.699720,1,259,206,38.24,11.77,0,311,259/206
1520530312.749722,1,258,202,38.27,102.99,1,321,258/202
1520530312.799724,1,258,201,38.44,14.84,0,321,258/201
1520530312.849720,1,259,205,38.28,11.64,0,321,259/205
1520530312.899721,1,258,202,38.35,117.85,1,338,258/202
1520530312.949723,1,258,201,38.23,12.47,0,338,258/201
1520530312.999725,1,260,204,38.41,12.93,0,338,260/204
1520530313.049726,1,260,204,38.29,70.72,1,353,260/204
1520530313.099727,1,256,203,38.34,20.34,0,353,256/203
1520530313.149729,1,255,203,38.34,12.14,0,353,255/203
1520530313.199730,1,252,199,38.21,126.94,1,356,252/199
1520530313.249736,1,248,204,38.34,12.46,0,356,248/204
1520530313.299738,1,245,199,38.64,12.01,0,356,245/199
1520530313.349739,1,245,199,38.59,136.88,1,359,245/199
1520530313.399790,1,244,196,38.60,17.00,0,359,244/196
1520530313.449743,1,243,198,38.43,11.27,0,359,243/198
1520530313.499744,1,245,198,38.29,159.96,1,360,245/198
1520530313.549746,1,246,198,38.47,16.75,0,360,246/198
1520530313.599747,1,249,198,38.46,14.92,0,360,249/198
1520530313.649745,1,251,203,38.30,167.82,1,363,251/203
1520530313.699746,1,254,203,38.16,17.31,0,363,254/203
1520530313.749748,1,256,209,38.33,19.05,0,363,256/209
1520530313.799750,1,257,206,38.35,218.74,1,370,257/206
1520530313.849751,1,257,206,38.56,23.53,0,370,257/206
1520530313.899753,1,257,203,38.43,15.79,0,370,257/203
1520530313.949754,1,255,203,38.19,174.23,1,388,255/203
1520530313.999756,1,259,206,38.23,17.23,0,388,259/206
1520530314.049757,1,258,205,38.63,12.46,0,388,258/205
1520530314.099763,1,258,208,38.57,115.64,1,404,258/208
1520530314.149765,1,256,206,38.61,12.40,0,404,256/206
1520530314.199766,1,252,199,38.71,11.71,0,404,252/199
1520530314.249768,1,249,198,38.92,128.47,1,417,249/198
1520530314.299769,1,250,204,38.97,12.21,0,417,250/204
1520530314.349771,1,252,204,38.77,14.07,0,417,252/204
1520530314.399773,1,255,207,38.90,178.27,1,435,255/207
1520530314.449774,1,251,206,38.84,12.40,0,435,251/206
1520530314.499774,1,239,198,39.13,17.17,0,435,239/198
1520530314.549776,1,247,204,38.97,152.10,1,448,247/204
1520530314.599777,1,242,201,39.12,13.33,0,448,242/201
1520530314.649779,1,244,205,39.45,15.24,0,448,244/205
1520530314.699780,1,238,200,39.77,155.27,1,461,238/200
1520530314.749782,1,233,198,39.80,13.69,0,461,233/198
1520530314.799787,1,228,192,40.00,16.50,0,461,228/192
1520530314.849784,1,238,200,40.42,230.40,1,485,238/200
1520530314.899810,1,282,241,41.22,16.07,0,485,282/241
1520530314.949812,1,262,235,41.66,14.55,0,485,262/235
1520530314.999919,1,246,221,41.68,181.94,1,527,246/221
1520530315.049815,1,245,221,41.70,12.63,0,527,245/221
1520530315.099817,1,275,238,41.89,12.14,0,527,275/238
1520530315.149818,1,259,226,41.99,384.64,1,551,259/226
1520530315.199819,1,272,234,42.16,17.28,0,551,272/234
1520530315.249821,1,276,244,42.37,14.94,0,551,276/244
1520530315.299635,1,222,189,35.04,153.98,1,541,222/189
1520530315.349637,1,239,203,34.89,15.54,0,541,239/203
1520530315.399639,1,232,194,34.76,15.69,0,541,232/194
1520530315.449640,1,239,206,34.76,71.19,1,515,239/206
1520530315.499642,1,241,208,34.61,17.03,0,515,241/208
1520530315.549643,1,300,263,34.78,15.41,0,515,300/263
1520530315.599645,1,287,255,34.53,87.22,1,562,287/255
1520530315.649646,1,279,246,34.36,14.92,0,562,279/246
1520530315.699637,1,294,256,33.55,14.41,0,562,294/256
1520530315.749639,1,285,255,33.52,99.72,1,554,285/255
1520530315.799640,1,276,246,33.62,18.69,0,554,276/246
1520530315.849642,1,271,245,33.53,13.48,0,554,271/245
1520530315.899643,1,269,231,33.29,105.79,1,556,269/231
1520530315.949645,1,274,219,32.86,14.43,0,556,274/219
1520530315.999647,1,270,206,32.87,15.98,0,556,270/206
1520530316.049648,1,267,209,32.67,114.13,1,559,267/209
1520530316.100221,1,189,161,53.46,17.41,0,559,189/161
1520530316.150223,1,194,169,53.66,14.21,0,559,194/169
1520530316.200224,1,187,168,54.00,117.59,1,583,187/168
1520530316.250226,1,184,168,54.22,12.53,0,583,184/168
1520530316.300227,1,197,173,54.27,11.59,0,583,197/173
1520530316.350229,1,194,174,54.59,81.50,1,591,194/174
1520530316.400230,1,199,172,54.29,17.99,0,591,199/172
1520530316.450231,1,198,175,54.30,11.79,0,591,198/175
1520530316.500233,1,300,252,54.43,117.00,1,668,300/252
1520530316.550276,1,270,241,55.71,15.57,0,668,270/241
1520530316.600278,1,266,239,55.64,16.07,0,668,266/239
1520530316.650280,1,276,241,55.65,81.66,1,681,276/241
1520530316.700281,1,300,255,55.63,14.21,0,681,300/255
1520530316.750283,1,291,250,55.50,14.82,0,681,291/250
1520530316.800284,1,281,243,55.53,117.26,1,698,281/243
1520530316.850286,1,281,247,55.31,13.92,0,698,281/247
1520530316.900287,1,284,250,55.56,13.75,0,698,284/250
1520530316.949773,1,179,163,37.26,128.82,1,701,179/163
1520530316.999775,1,190,166,37.40,12.57,0,701,190/166
1520530317.049776,1,192,172,37.18,13.51,0,701,192/172
1520530317.099778,1,200,174,37.26,124.39,1,710,200/174
1520530317.149779,1,196,171,37.34,13.64,0,710,196/171
1520530317.199781,1,207,174,37.32,11.33,0,710,207/174
1520530317.249782,1,206,168,37.36,128.30,1,717,206/168
1520530317.299784,1,200,161,37.31,14.13,0,717,200/161
1520530317.349743,1,197,156,35.72,14.71,0,717,197/156
1520530317.399745,1,195,156,35.72,124.91,1,731,195/156
1520530317.449748,1,193,151,35.60,17.39,0,731,193/151
1520530317.499748,1,186,149,35.65,13.32,0,731,186/149
1520530317.549752,1,187,148,35.41,140.30,1,746,187/148
1520530317.599752,1,198,149,35.16,12.92,0,746,198/149
1520530317.649754,1,202,147,35.17,15.90,0,746,202/147
1520530317.699755,1,190,144,34.48,137.15,1,756,190/144
1520530317.750237,1,212,142,50.63,13.69,0,756,212/142
1520530317.800239,1,223,153,49.92,12.94,0,756,223/153
1520530317.850240,1,222,151,49.24,113.12,1,794,222/151
1520530317.900242,1,232,156,48.60,19.92,0,794,232/156
1520530317.950243,1,230,154,48.25,16.38,0,794,230/154
1520530318.000244,1,230,158,47.68,164.57,1,803,230/158
1520530318.050247,1,230,155,47.23,18.00,0,803,230/155
1520530318.100248,1,237,163,47.07,17.44,0,803,237/163
1520530318.150816,1,245,178,63.41,183.60,1,848,245/178
1520530318.200769,1,245,181,63.21,14.69,0,848,245/181
1520530318.250771,1,240,178,63.22,14.10,0,848,240/178
1520530318.300772,1,237,182,63.11,133.60,1,861,237/182
1520530318.350774,1,235,182,63.43,12.13,0,861,235/182
1520530318.400775,1,223,173,63.61,14.99,0,861,223/173
1520530318.450777,1,221,172,63.88,181.72,1,869,221/172
1520530318.500778,1,225,172,63.82,17.50,0,869,225/172
1520530318.550780,1,248,192,64.03,14.81,0,869,248/192
1520530318.600567,1,222,172,57.46,192.53,1,883,222/172
1520530318.650568,1,246,185,57.57,13.23,0,883,246/185
1520530318.700570,1,233,176,57.73,13.98,0,883,233/176
1520530318.750571,1,252,191,58.06,230.14,1,911,252/191
1520530318.800573,1,291,216,58.25,14.23,0,911,291/216
1520530318.850574,1,273,211,58.43,13.42,0,911,273/211
1520530318.900576,1,268,205,58.80,236.38,1,933,268/205
1520530318.950577,1,267,204,59.02,15.11,0,933,267/204
1520530318.999955,1,190,145,38.95,18.84,0,933,190/145
1520530319.049957,1,189,143,39.01,151.76,1,935,189/143
1520530319.099960,1,191,144,39.47,13.28,0,935,191/144
1520530319.149961,1,197,147,39.41,11.85,0,935,197/147
1520530319.199962,1,196,149,39.65,208.80,1,921,196/149
1520530319.249964,1,197,153,39.73,15.59,0,921,197/153
1520530319.299965,1,192,150,40.21,12.97,0,921,192/150
1520530319.349967,1,192,147,40.21,175.60,1,911,192/147
1520530319.399832,1,185,149,35.62,13.13,0,911,185/149
1520530319.449833,1,183,153,35.64,12.43,0,911,183/153
1520530319.499835,1,182,153,35.80,126.66,1,868,182/153
1520530319.549837,1,175,146,35.76,12.52,0,868,175/146
1520530319.599838,1,168,144,35.52,14.41,0,868,168/144
1520530319.649840,1,173,140,35.31,124.25,1,820,173/140
1520530319.699841,1,171,139,35.35,13.33,0,820,171/139
1520530319.749942,1,166,137,35.21,12.91,0,820,166/137
1520530319.800341,1,172,148,53.11,117.74,1,788,172/148
1520530319.850343,1,168,149,53.50,10.03,0,788,168/149
1520530319.900344,1,169,147,54.04,13.55,0,788,169/147
1520530319.950346,1,167,149,54.57,86.76,1,796,167/149
1520530320.000347,1,159,143,54.93,10.94,0,796,159/143
1520530320.050349,1,159,145,55.13,11.53,0,796,159/145
1520530320.100350,1,177,159,55.48,94.00,1,814,177/159
1520530320.150352,1,188,170,55.63,11.94,0,814,188/170
1520530320.200401,1,223,200,57.84,13.51,0,814,223/200
1520530320.250402,1,206,187,58.04,116.40,1,855,206/187
1520530320.300404,1,201,181,58.24,12.87,0,855,201/181
1520530320.350405,1,216,187,58.49,12.71,0,855,216/187
1520530320.400407,1,215,191,58.48,129.38,1,843,215/191
1520530320.450408,1,217,191,58.62,12.51,0,843,217/191
1520530320.500410,1,230,200,58.62,15.42,0,843,230/200
1520530320.550412,1,230,200,58.87,132.44,1,844,230/200
1520530320.599869,1,175,148,38.01,14.31,0,844,175/148
1520530320.649871,1,214,177,37.99,11.68,0,844,214/177
1520530320.699873,1,217,178,38.25,118.21,1,791,217/178
1520530320.749874,1,207,174,37.95,12.73,0,791,207/174
1520530320.799876,1,221,183,38.17,22.98,0,791,221/183
1520530320.849877,1,224,184,38.06,99.44,1,794,224/184
1520530320.899879,1,213,173,38.01,14.13,0,794,213/173
1520530320.949880,1,207,173,38.08,16.74,0,794,207/173
1520530320.999882,1,207,173,38.18,140.81,1,798,207/173
1520530321.049740,1,194,166,32.32,14.77,0,798,194/166
1520530321.099742,1,187,166,31.98,12.36,0,798,187/166
1520530321.149743,1,300,260,31.64,144.47,1,885,300/260
1520530321.199745,1,288,252,31.80,20.98,0,885,288/252
1520530321.249747,1,290,252,31.69,17.16,0,885,290/252
1520530321.299749,1,300,261,31.33,161.15,1,883,300/261
1520530321.349750,1,300,256,31.22,22.03,0,883,300/256
1520530321.399751,1,300,256,30.84,18.08,0,883,300/256
1520530321.449856,1,228,201,34.85,153.87,1,882,228/201
1520530321.499857,1,300,257,34.75,14.89,0,882,300/257
1520530321.549859,1,300,265,34.46,18.04,0,882,300/265
1520530321.599860,1,300,264,34.27,163.36,1,933,300/264
1520530321.649862,1,300,261,34.12,16.01,0,933,300/261
1520530321.699863,1,297,262,34.08,19.15,0,933,297/262
1520530321.749866,1,296,265,33.89,209.24,1,941,296/265
1520530321.799867,1,295,263,33.47,18.51,0,941,295/263
1520530321.850152,1,223,200,44.22,16.51,0,941,223/200
1520530321.900154,1,300,266,44.27,138.96,1,1005,300/266
1520530321.950155,1,287,251,44.04,20.44,0,1005,287/251
1520530322.000157,1,300,265,44.01,15.58,0,1005,300/265
1520530322.050158,1,300,262,43.77,169.99,1,997,300/262
1520530322.100160,1,300,264,43.77,19.65,0,997,300/264
1520530322.150162,1,300,259,43.53,15.55,0,997,300/259
1520530322.200163,1,289,255,43.30,141.00,1,999,289/255
1520530322.250207,1,284,254,44.96,18.90,0,999,284/254
1520530322.300208,1,300,264,44.81,18.29,0,999,300/264
1520530322.350209,1,293,259,44.73,141.56,1,973,293/259
1520530322.400212,1,300,263,44.49,22.01,0,973,300/263
1520530322.450214,1,300,265,44.39,15.62,0,973,300/265
1520530322.500215,1,296,263,44.14,142.74,1,952,296/263
1520530322.550216,1,300,263,44.19,14.37,0,952,300/263
1520530322.600218,1,300,262,43.96,14.48,0,952,300/262
1520530322.650023,1,296,255,36.87,241.58,1,988,296/255
1520530322.700025,1,278,241,36.88,14.85,0,988,278/241
1520530322.750027,1,275,245,36.84,15.73,0,988,275/245
1520530322.800028,1,268,244,36.73,248.79,1,976,268/244
1520530322.850031,1,274,245,36.88,15.72,0,976,274/245
1520530322.900065,1,299,258,36.64,15.89,0,976,299/258
1520530322.950033,1,281,248,36.58,254.18,1,964,281/248
1520530323.000035,1,277,246,36.63,19.96,0,964,277/246
1520530323.050036,1,274,245,36.47,22.24,0,964,274/245
1520530323.100074,1,273,242,38.09,385.55,1,955,273/242
1520530323.150076,1,266,240,37.95,22.48,0,955,266/240
1520530323.200077,1,265,235,38.01,25.64,0,955,265/235
1520530323.250079,1,277,239,38.24,373.40,1,953,277/239
1520530323.300080,1,269,235,38.18,27.50,0,953,269/235
1520530323.350082,1,276,239,37.96,21.49,0,953,276/239
1520530323.400084,1,269,235,38.16,231.90,1,954,269/235
1520530323.450085,1,264,237,38.25,15.16,0,954,264/237
1520530323.500345,1,232,204,47.47,14.74,0,954,232/204
1520530323.550346,1,300,248,47.49,245.46,1,1000,300/248
1520530323.600348,1,300,246,47.48,14.25,0,1000,300/246
1520530323.650349,1,283,238,47.47,15.07,0,1000,283/238
1520530323.700351,1,300,248,47.71,240.56,1,1031,300/248
1520530323.750353,1,300,254,47.63,14.37,0,1031,300/254
1520530323.800354,1,286,240,48.06,13.69,0,1031,286/240
1520530323.850356,1,300,256,47.61,194.79,1,1045,300/256
1520530323.900153,1,256,223,40.82,18.08,0,1045,256/223
1520530323.950154,1,254,221,40.87,12.60,0,1045,254/221
1520530324.000156,1,249,219,40.76,203.12,1,1045,249/219
1520530324.050157,1,247,216,41.03,13.45,0,1045,247/216
1520530324.100159,1,246,215,41.40,16.90,0,1045,246/215
1520530324.150160,1,240,211,41.68,200.16,1,1047,240/211
1520530324.200162,1,234,203,41.94,22.42,0,1047,234/203
1520530324.250163,1,233,197,41.65,12.58,0,1047,233/197
1520530324.299908,1,200,167,33.07,210.57,1,1039,200/167
1520530324.349910,1,251,196,33.20,15.54,0,1039,251/196
1520530324.399911,1,254,196,33.61,13.43,0,1039,254/196
1520530324.449913,1,243,192,33.77,246.55,1,1034,243/192
1520530324.499994,1,242,191,33.62,12.45,0,1034,242/191
1520530324.549915,1,231,179,34.05,14.14,0,1034,231/179
1520530324.599917,1,234,182,34.10,150.79,1,1044,234/182
1520530324.649919,1,235,174,33.97,13.02,0,1044,235/174
1520530324.700018,1,225,165,37.13,15.65,0,1044,225/165
1520530324.750020,1,225,159,36.77,197.12,1,1033,225/159
1520530324.800021,1,216,152,36.59,13.38,0,1033,216/152
1520530324.850023,1,216,155,36.31,16.14,0,1033,216/155
1520530324.900024,1,219,152,36.34,154.20,1,998,219/152
1520530324.950026,1,249,162,36.03,12.35,0,998,249/162
1520530325.000028,1,238,161,35.94,18.76,0,998,238/161
1520530325.050029,1,233,158,36.03,152.44,1,997,233/158
1520530325.100816,1,223,162,64.07,13.34,0,997,223/162
1520530325.150817,1,225,166,64.13,13.49,0,997,225/166
1520530325.200819,1,248,186,63.68,208.55,1,1039,248/186
1520530325.250820,1,243,184,63.41,15.76,0,1039,243/184
1520530325.300822,1,241,188,63.02,13.95,0,1039,241/188
1520530325.350824,1,251,194,62.76,128.14,1,958,251/194
1520530325.400825,1,300,238,62.79,13.79,0,958,300/238
1520530325.450827,1,294,230,63.01,14.91,0,958,294/230
1520530325.500828,1,300,227,63.09,196.67,1,991,300/227
1520530325.550913,1,300,221,66.03,15.46,0,991,300/221
1520530325.600915,1,297,230,66.13,15.18,0,991,297/230
1520530325.650917,1,291,230,65.97,188.23,1,1002,291/230
1520530325.700918,1,292,232,65.78,19.52,0,1002,292/232
1520530325.750919,1,289,230,65.38,14.41,0,1002,289/230
1520530325.800921,1,298,241,64.82,178.53,1,965,298/241
1520530325.850922,1,300,237,64.47,13.45,0,965,300/237
1520530325.900924,1,300,236,63.91,13.18,0,965,300/236
1520530325.950541,1,286,209,51.05,188.24,1,985,286/209
1520530326.000543,1,288,210,50.85,14.68,0,985,288/210
1520530326.050549,1,300,220,50.50,18.57,0,985,300/220
1520530326.100546,1,300,219,50.27,164.08,1,927,300/219
1520530326.150548,1,294,217,50.10,15.64,0,927,294/217
1520530326.200549,1,300,222,50.04,17.36,0,927,300/222
1520530326.250551,1,300,230,49.79,163.12,1,910,300/230
1520530326.300552,1,300,233,49.67,16.38,0,910,300/233
1520530326.350204,1,268,196,38.13,17.69,0,910,268/196
1520530326.400206,1,300,222,38.08,175.49,1,920,300/222
1520530326.450207,1,300,219,37.90,15.58,0,920,300/219
1520530326.500209,1,300,220,37.88,18.77,0,920,300/220
1520530326.550210,1,300,223,37.75,168.36,1,929,300/223
1520530326.600213,1,296,221,37.71,16.08,0,929,296/221
1520530326.650214,1,300,221,37.81,16.29,0,929,300/221
1520530326.700216,1,300,223,37.68,131.47,1,939,300/223
1520530326.750426,1,300,226,44.48,13.89,0,939,300/226
1520530326.800429,1,300,225,44.42,13.70,0,939,300/225
1520530326.850430,1,296,223,44.48,201.49,1,910,296/223
1520530326.900431,1,300,225,44.38,22.67,0,910,300/225
1520530326.950433,1,295,226,44.19,15.07,0,910,295/226
1520530327.000434,1,292,225,44.19,192.65,1,918,292/225
1520530327.050437,1,295,233,43.97,15.70,0,918,295/233
1520530327.100437,1,288,232,44.45,17.20,0,918,288/232
1520530327.150430,1,283,229,44.20,176.57,1,899,283/229
1520530327.200433,1,280,233,43.97,15.96,0,899,280/233
1520530327.250435,1,270,229,44.11,15.32,0,899,270/229
1520530327.300436,1,273,236,44.43,234.42,1,895,273/236
1520530327.350437,1,300,253,44.55,14.40,0,895,300/253
1520530327.400439,1,300,257,45.08,15.08,0,895,300/257
1520530327.450440,1,283,255,45.38,154.94,1,903,283/255
1520530327.500442,1,275,245,45.88,14.72,0,903,275/245
1520530327.550090,1,220,193,33.99,18.48,0,903,220/193
1520530327.600091,1,223,192,34.51,154.05,1,908,223/192
1520530327.650103,1,258,226,35.14,14.11,0,908,258/226
1520530327.700094,1,232,210,35.54,13.22,0,908,232/210
1520530327.750096,1,221,202,36.16,287.32,1,854,221/202
1520530327.800097,1,209,192,36.82,14.69,0,854,209/192
1520530327.850099,1,204,175,37.49,14.44,0,854,204/175
1520530327.900100,1,200,173,38.22,211.76,1,831,200/173
1520530327.950102,1,187,163,38.02,12.29,0,831,187/163
1520530328.000280,1,176,151,45.31,13.22,0,831,176/151
1520530328.050282,1,174,147,45.44,141.25,1,828,174/147
1520530328.100283,1,189,144,45.52,17.12,0,828,189/144
1520530328.150285,1,211,168,45.36,12.86,0,828,211/168
1520530328.200287,1,231,177,45.58,157.84,1,855,231/177
1520530328.250288,1,224,179,45.67,14.55,0,855,224/179
1520530328.300290,1,210,178,45.58,13.09,0,855,210/178
1520530328.350291,1,199,180,45.39,177.15,1,857,199/180
1520530328.400337,1,188,170,46.06,11.81,0,857,188/170
1520530328.450338,1,181,170,45.71,14.06,0,857,181/170
1520530328.500340,1,185,175,45.45,281.22,1,873,185/175
1520530328.550342,1,190,175,45.06,16.54,0,873,190/175
1520530328.600343,1,188,177,44.61,25.23,0,873,188/177
1520530328.650346,1,190,172,44.34,227.63,1,862,190/172
1520530328.700347,1,197,172,43.95,11.81,0,862,197/172
1520530328.750348,1,193,172,43.68,12.61,0,862,193/172
1520530328.800086,1,183,156,33.83,188.57,1,862,183/156
1520530328.850087,1,215,161,34.07,12.47,0,862,215/161
1520530328.900089,1,215,164,34.12,13.20,0,862,215/164
1520530328.950091,1,210,166,34.39,144.72,1,874,210/166
1520530329.000092,1,208,174,34.92,11.49,0,874,208/174
1520530329.050093,1,191,166,35.07,13.96,0,874,191/166
1520530329.100095,1,179,160,35.55,147.78,1,876,179/160
1520530329.150097,1,183,163,35.72,23.67,0,876,183/163
1520530329.200044,1,174,164,34.01,15.13,0,876,174/164
1520530329.250095,1,176,163,34.56,123.36,1,877,176/163
1520530329.300047,1,174,162,34.75,12.68,0,877,174/162
1520530329.350049,1,162,149,35.00,12.29,0,877,162/149
1520530329.400050,1,166,152,34.87,211.93,1,830,166/152
1520530329.450052,1,155,143,34.72,12.04,0,830,155/143
1520530329.500053,1,151,140,34.88,12.74,0,830,151/140
1520530329.550055,1,300,248,34.71,188.14,1,927,300/248
1520530329.600097,1,238,222,36.49,19.73,0,927,238/222
1520530329.650099,1,233,218,36.65,15.06,0,927,233/218
1520530329.700100,1,248,217,36.39,170.68,1,895,248/217
1520530329.750102,1,248,214,36.51,19.45,0,895,248/214
1520530329.800104,1,224,214,36.20,17.16,0,895,224/214
1520530329.850105,1,228,212,36.10,182.90,1,893,228/212
1520530329.900107,1,224,207,35.70,12.67,0,893,224/207
1520530329.950109,1,223,198,34.65,13.76,0,893,223/198
1520530330.000110,1,216,196,33.95,103.27,1,875,216/196
1520530330.050161,1,210,190,35.13,17.07,0,875,210/190
1520530330.100162,1,219,184,34.79,12.63,0,875,219/184
1520530330.150164,1,212,175,34.79,150.68,1,859,212/175
1520530330.200165,1,196,157,34.27,19.54,0,859,196/157
1520530330.250167,1,191,146,34.47,15.67,0,859,191/146
1520530330.300169,1,176,135,34.72,154.98,1,868,176/135
1520530330.350170,1,166,127,35.09,16.08,0,868,166/127
1520530330.400172,1,169,132,34.83,13.88,0,868,169/132
1520530330.450787,1,192,155,55.06,150.87,1,948,192/155
1520530330.500788,1,200,171,54.91,13.51,0,948,200/171
1520530330.550790,1,231,194,55.27,15.51,0,948,231/194
1520530330.600792,1,245,211,55.95,171.42,1,984,245/211
1520530330.650793,1,223,199,56.90,14.92,0,984,223/199
1520530330.700795,1,223,192,58.05,14.77,0,984,223/192
1520530330.750797,1,210,177,59.22,157.89,1,999,210/177
1520530330.800798,1,194,170,59.46,18.46,0,999,194/170
1520530330.850367,1,152,137,40.00,12.93,0,999,152/137
1520530330.900277,1,146,133,39.91,136.75,1,997,146/133
1520530330.950279,1,145,129,39.59,11.09,0,997,145/129
1520530331.000280,1,148,135,39.67,11.39,0,997,148/135
1520530331.050282,1,142,128,39.85,172.91,1,993,142/128
1520530331.100283,1,143,126,40.16,10.81,0,993,143/126
1520530331.150285,1,138,120,40.59,13.09,0,993,138/120
1520530331.200286,1,135,115,40.67,169.46,1,1001,135/115
1520530331.250735,1,144,123,57.91,14.03,0,1001,144/123
1520530331.300736,1,130,113,57.42,14.14,0,1001,130/113
1520530331.350739,1,129,115,56.91,162.89,1,1006,129/115
1520530331.400740,1,153,133,56.86,15.23,0,1006,153/133
1520530331.450741,1,160,134,57.30,14.57,0,1006,160/134
1520530331.500743,1,151,138,58.01,149.10,1,1033,151/138
1520530331.550744,1,153,141,58.18,12.99,0,1033,153/141
1520530331.600746,1,181,158,58.12,12.78,0,1033,181/158
1520530331.650479,1,169,155,47.76,198.24,1,1040,169/155
1520530331.700481,1,173,155,47.33,11.75,0,1040,173/155
1520530331.750483,1,180,163,46.81,12.16,0,1040,180/163
1520530331.800484,1,180,158,45.68,183.24,1,1036,180/158
1520530331.850486,1,194,167,44.68,12.64,0,1036,194/167
1520530331.900488,1,202,166,43.84,17.96,0,1036,202/166
1520530331.950489,1,191,157,43.53,187.48,1,1035,191/157
1520530332.000491,1,187,144,43.29,15.76,0,1035,187/144
1520530332.050387,1,181,141,39.89,12.61,0,1035,181/141
1520530332.100388,1,174,135,39.72,170.66,1,1042,174/135
1520530332.150390,1,179,136,39.80,12.25,0,1042,179/136
1520530332.200392,1,171,130,39.69,11.33,0,1042,171/130
1520530332.250393,1,168,133,39.69,183.24,1,1036,168/133
1520530332.300399,1,160,119,39.75,14.68,0,1036,160/119
1520530332.350396,1,172,134,39.56,14.30,0,1036,172/134
1520530332.400401,1,161,127,39.59,114.49,1,1015,161/127
1520530332.450399,1,185,148,40.07,24.83,0,1015,185/148
1520530332.500483,1,185,154,43.02,13.18,0,1015,185/154
1520530332.550483,1,210,180,43.50,177.34,1,1075,210/180
1520530332.600486,1,218,192,44.15,13.44,0,1075,218/192
1520530332.650488,1,201,179,44.73,12.76,0,1075,201/179
1520530332.700488,1,228,198,45.39,167.44,1,1101,228/198
1520530332.750491,1,206,182,45.91,13.03,0,1101,206/182
1520530332.800492,1,223,192,46.34,12.16,0,1101,223/192
1520530332.850493,1,190,173,46.09,159.60,1,1086,190/173
1520530332.900164,1,151,140,33.57,15.03,0,1086,151/140
1520530332.950166,1,147,132,33.39,10.18,0,1086,147/132
1520530333.000168,1,144,127,33.16,112.51,1,1067,144/127
1520530333.050169,1,142,126,33.15,11.23,0,1067,142/126
1520530333.100171,1,136,119,33.33,21.45,0,1067,136/119
1520530333.150173,1,133,118,33.51,124.42,1,1055,133/118
1520530333.200174,1,128,110,33.60,13.19,0,1055,128/110
1520530333.250175,1,122,109,34.12,11.70,0,1055,122/109
1520530333.300608,1,122,106,51.75,135.91,1,1062,122/106
1520530333.350610,1,123,105,52.02,15.12,0,1062,123/105
1520530333.400612,1,122,106,51.82,13.54,0,1062,122/106
1520530333.450613,1,128,113,51.52,154.83,1,1088,128/113
1520530333.500615,1,125,110,51.01,20.23,0,1088,125/110
1520530333.550616,1,143,125,50.96,17.98,0,1088,143/125
1520530333.600618,1,141,127,51.05,149.11,1,1099,141/127
1520530333.650619,1,145,129,50.71,10.47,0,1099,145/129
1520530333.700541,1,147,128,47.50,11.67,0,1099,147/128
1520530333.750542,1,138,124,48.01,170.62,1,1005,138/124
1520530333.800544,1,152,139,48.25,15.16,0,1005,152/139
1520530333.850545,1,157,145,48.14,12.42,0,1005,157/145
1520530333.900547,1,158,147,47.68,99.24,1,1030,158/147
1520530333.950549,1,158,148,46.87,17.62,0,1030,158/148
1520530334.000561,1,163,146,46.01,13.79,0,1030,163/146
1520530334.050551,1,163,145,45.64,180.02,1,1046,163/145
1520530334.100216,1,153,138,32.81,13.23,0,1046,153/138
1520530334.150218,1,165,145,32.71,13.75,0,1046,165/145
1520530334.200219,1,164,143,32.59,173.59,1,1044,164/143
1520530334.250221,1,162,142,32.65,11.57,0,1044,162/142
1520530334.300222,1,163,144,32.86,14.43,0,1044,163/144
1520530334.350224,1,162,141,33.37,150.94,1,1029,162/141
1520530334.400225,1,162,144,33.46,18.80,0,1029,162/144
1520530334.450227,1,166,142,33.48,15.29,0,1029,166/142
1520530334.500228,1,158,141,33.49,147.13,1,1011,158/141
1520530334.550086,1,160,139,28.61,12.16,0,1011,160/139
1520530334.600088,1,152,137,28.14,12.47,0,1011,152/137
1520530334.650089,1,148,132,27.10,115.31,1,925,148/132
1520530334.700091,1,152,133,26.02,15.75,0,925,152/133
1520530334.750092,1,146,129,25.24,11.28,0,925,146/129
1520530334.800094,1,151,136,24.39,162.85,1,862,151/136
1520530334.850095,1,203,176,23.97,11.94,0,862,203/176
1520530334.900097,1,200,173,23.95,16.23,0,862,200/173
1520530334.950928,1,300,257,55.06,139.62,1,967,300/257
1520530335.000928,1,300,257,55.01,15.07,0,967,300/257
1520530335.050931,1,277,243,55.53,14.35,0,967,277/243
1520530335.100933,1,262,236,55.66,135.88,1,972,262/236
1520530335.150934,1,265,232,55.68,15.21,0,972,265/232
1520530335.200936,1,232,200,56.42,15.31,0,972,232/200
1520530335.250937,1,225,189,57.83,171.74,1,971,225/189
1520530335.300938,1,207,185,58.90,16.11,0,971,207/185
1520530335.351457,1,214,182,76.98,13.50,0,971,214/182
1520530335.401459,1,205,177,76.52,164.87,1,986,205/177
1520530335.451459,1,206,175,76.62,12.35,0,986,206/175
1520530335.501461,1,202,177,76.51,12.69,0,986,202/177
1520530335.551462,1,204,177,76.06,165.68,1,978,204/177
1520530335.601512,1,263,228,76.37,15.22,0,978,263/228
1520530335.651465,1,239,209,76.24,14.55,0,978,239/209
1520530335.701467,1,265,217,76.22,186.33,1,983,265/217
1520530335.750223,1,166,137,31.49,17.48,0,983,166/137
1520530335.800224,1,171,142,31.46,13.39,0,983,171/142
1520530335.850226,1,164,144,31.25,215.49,1,1019,164/144
1520530335.900227,1,165,147,31.14,12.03,0,1019,165/147
1520530335.950228,1,152,142,31.99,11.40,0,1019,152/142
1520530336.000230,1,149,139,32.08,139.38,1,1007,149/139
1520530336.050231,1,150,140,32.44,13.74,0,1007,150/140
1520530336.100233,1,147,140,32.17,12.54,0,1007,147/140
1520530336.150177,1,142,134,30.43,181.72,1,984,142/134
1520530336.200179,1,156,145,30.40,12.32,0,984,156/145
1520530336.250180,1,247,207,30.62,13.48,0,984,247/207
1520530336.300182,1,228,192,30.69,178.69,1,1012,228/192
1520530336.350183,1,212,183,30.88,12.80,0,1012,212/183
1520530336.400185,1,191,174,30.97,13.78,0,1012,191/174
1520530336.450186,1,184,163,30.79,123.14,1,1002,184/163
1520530336.500188,1,178,160,30.94,13.26,0,1002,178/160
1520530336.550582,1,129,118,46.10,15.04,0,1002,129/118
1520530336.600584,1,133,120,46.05,170.35,1,1002,133/120
1520530336.650586,1,161,139,46.25,11.81,0,1002,161/139
1520530336.700586,1,149,131,46.11,12.03,0,1002,149/131
1520530336.750588,1,151,132,45.96,157.35,1,960,151/132
1520530336.800590,1,164,140,45.96,11.53,0,960,164/140
1520530336.850591,1,162,144,45.79,10.58,0,960,162/144
1520530336.900594,1,240,210,46.00,156.59,1,995,240/210
1520530336.950594,1,215,193,45.81,12.87,0,995,215/193
1520530337.000258,1,174,158,32.99,16.23,0,995,174/158
1520530337.050259,1,175,156,32.77,140.19,1,994,175/156
1520530337.100266,1,162,152,32.62,13.32,0,994,162/152
1520530337.150262,1,161,152,32.64,12.44,0,994,161/152
1520530337.200351,1,164,153,32.64,160.61,1,993,164/153
1520530337.250265,1,163,152,32.51,11.27,0,993,163/152
1520530337.300267,1,163,147,32.21,11.10,0,993,163/147
1520530337.350269,1,175,152,31.68,123.18,1,998,175/152
1520530337.400301,1,172,149,32.47,14.23,0,998,172/149
1520530337.450303,1,180,142,32.24,13.96,0,998,180/142
1520530337.500304,1,183,132,31.80,108.13,1,993,183/132
1520530337.550306,1,192,129,31.25,13.15,0,993,192/129
1520530337.600307,1,188,127,30.61,14.11,0,993,188/127
1520530337.650309,1,175,124,30.58,134.65,1,977,175/124
1520530337.700310,1,169,125,30.67,13.77,0,977,169/125
1520530337.750312,1,164,120,30.57,13.55,0,977,164/120
1520530337.800854,1,163,123,49.14,117.45,1,994,163/123
1520530337.850855,1,300,210,49.03,14.14,0,994,300/210
1520530337.900856,1,284,212,48.79,19.96,0,994,284/212
1520530337.950858,1,272,201,48.20,159.82,1,1067,272/201
1520530338.000860,1,268,202,48.24,20.69,0,1067,268/202
1520530338.050862,1,253,189,48.19,14.26,0,1067,253/189
1520530338.100863,1,241,181,48.08,105.03,1,1050,241/181
1520530338.150864,1,236,180,48.09,17.53,0,1050,236/180
1520530338.200470,1,205,156,35.04,15.73,0,1050,205/156
1520530338.250473,1,203,148,35.46,102.59,1,1047,203/148
1520530338.300474,1,195,139,35.49,31.93,0,1047,195/139
1520530338.350476,1,240,172,36.19,23.48,0,1047,240/172
1520530338.400477,1,220,168,36.88,157.88,1,1077,220/168
1520530338.450478,1,206,162,37.43,12.83,0,1077,206/162
1520530338.500480,1,207,168,37.89,12.84,0,1077,207/168
1520530338.550481,1,186,158,38.27,168.90,1,1079,186/158
1520530338.600260,1,168,142,30.44,20.86,0,1079,168/142
1520530338.650261,1,161,138,30.25,11.74,0,1079,161/138
1520530338.700263,1,158,135,30.54,163.14,1,1072,158/135
1520530338.750266,1,198,152,29.68,15.10,0,1072,198/152
1520530338.800266,1,204,161,29.15,13.76,0,1072,204/161
1520530338.850267,1,175,149,28.66,111.98,1,1089,175/149
1520530338.900269,1,192,160,28.05,13.75,0,1089,192/160
1520530338.950270,1,160,145,27.25,14.65,0,1089,160/145
1520530339.000272,1,221,174,26.47,127.55,1,1119,221/174
1520530339.050959,1,206,182,52.61,14.46,0,1119,206/182
1520530339.100960,1,203,183,52.77,15.43,0,1119,203/183
1520530339.150962,1,196,177,52.82,179.29,1,1042,196/177
1520530339.200963,1,231,207,53.26,14.84,0,1042,231/207
1520530339.250965,1,221,199,52.91,17.11,0,1042,221/199
1520530339.300966,1,213,201,53.25,161.33,1,1084,213/201
1520530339.350968,1,203,186,53.37,21.07,0,1084,203/186
1520530339.400970,1,182,168,53.81,22.17,0,1084,182/168
1520530339.451687,1,179,163,81.57,116.59,1,1101,179/163
1520530339.501689,1,167,155,82.65,14.13,0,1101,167/155
1520530339.551691,1,163,154,83.57,12.56,0,1101,163/154
1520530339.601692,1,170,163,84.54,182.39,1,1119,170/163
1520530339.651693,1,168,155,84.78,13.84,0,1119,168/155
1520530339.701695,1,164,152,85.14,17.29,0,1119,164/152
1520530339.751697,1,162,145,85.43,173.01,1,1122,162/145
1520530339.801698,1,178,155,85.80,14.62,0,1122,178/155
1520530339.851056,1,152,133,61.16,19.79,0,1122,152/133
1520530339.901057,1,179,151,61.13,209.41,1,1100,179/151
1520530339.951059,1,194,162,60.96,12.33,0,1100,194/162
1520530340.001061,1,180,157,61.03,13.92,0,1100,180/157
1520530340.051062,1,172,153,60.88,105.35,1,1052,172/153
1520530340.101063,1,164,149,60.75,12.67,0,1052,164/149
1520530340.151065,1,188,164,61.04,13.99,0,1052,188/164
1520530340.201067,1,187,165,60.94,201.18,1,1071,187/165
1520530340.250395,1,138,124,34.73,14.98,0,1071,138/124
1520530340.300397,1,136,125,34.61,12.94,0,1071,136/125
1520530340.350399,1,144,131,34.60,108.85,1,1077,144/131
1520530340.400400,1,140,128,34.41,11.53,0,1077,140/128
1520530340.450401,1,146,132,34.34,11.33,0,1077,146/132
1520530340.500403,1,151,136,34.11,165.90,1,1031,151/136
1520530340.550404,1,148,134,33.87,15.46,0,1031,148/134
1520530340.600406,1,146,133,33.78,11.18,0,1031,146/133
1520530340.650347,1,148,136,31.23,145.05,1,1035,148/136
1520530340.700348,1,149,138,31.07,11.64,0,1035,149/138
1520530340.750350,1,154,141,30.80,14.40,0,1035,154/141
1520530340.800351,1,161,144,30.62,177.44,1,1016,161/144
1520530340.850353,1,160,143,30.22,13.45,0,1016,160/143
1520530340.900354,1,186,153,30.25,12.94,0,1016,186/153
1520530340.950356,1,186,150,30.22,196.81,1,1005,186/150
1520530341.000358,1,190,146,30.00,12.90,0,1005,190/146
1520530341.050774,1,202,151,45.16,18.47,0,1005,202/151
1520530341.100776,1,202,155,44.99,166.77,1,965,202/155
1520530341.150777,1,300,230,44.84,14.30,0,965,300/230
1520530341.200779,1,300,236,45.16,13.84,0,965,300/236
1520530341.250780,1,275,229,45.37,170.24,1,1034,275/229
1520530341.300782,1,264,222,45.42,15.07,0,1034,264/222
1520530341.350784,1,252,213,45.68,17.35,0,1034,252/213
1520530341.400785,1,250,209,45.81,135.63,1,1037,250/209
1520530341.450787,1,275,221,45.87,13.29,0,1037,275/221
1520530341.500713,1,249,196,43.10,12.80,0,1037,249/196
1520530341.550714,1,245,198,43.28,193.87,1,1040,245/198
1520530341.600716,1,249,205,43.36,12.82,0,1040,249/205
1520530341.650717,1,263,213,43.37,13.56,0,1040,263/213
1520530341.700719,1,300,245,43.57,218.08,1,1060,300/245
1520530341.750720,1,300,251,43.57,15.18,0,1060,300/251
1520530341.800722,1,300,253,43.79,16.75,0,1060,300/253
1520530341.850723,1,288,243,43.81,177.50,1,1054,288/243
1520530341.900542,1,216,182,37.04,16.60,0,1054,216/182
1520530341.950578,1,220,186,37.09,12.83,0,1054,220/186
1520530342.000545,1,217,190,37.23,213.72,1,1017,217/190
1520530342.050546,1,213,186,37.26,14.96,0,1017,213/186
1520530342.100548,1,222,190,37.23,13.15,0,1017,222/190
1520530342.150549,1,222,187,37.23,184.29,1,929,222/187
1520530342.200551,1,226,190,37.23,14.04,0,929,226/190
1520530342.250553,1,215,186,37.01,13.74,0,929,215/186
1520530342.300673,1,203,178,41.80,206.90,1,928,203/178
1520530342.350675,1,200,176,41.42,12.13,0,928,200/176
1520530342.400676,1,202,178,41.17,14.30,0,928,202/178
1520530342.450678,1,226,185,41.17,142.50,1,921,226/185
1520530342.500679,1,226,182,41.06,12.20,0,921,226/182
1520530342.550681,1,228,183,41.12,12.12,0,921,228/183
1520530342.600683,1,231,179,41.38,113.69,1,905,231/179
1520530342.650684,1,233,181,41.29,14.29,0,905,233/181
1520530342.700643,1,224,173,40.15,13.79,0,905,224/173
1520530342.750644,1,215,170,40.14,187.42,1,901,215/170
1520530342.800646,1,229,173,39.56,13.25,0,901,229/173
1520530342.850648,1,219,168,38.89,14.11,0,901,219/168
1520530342.900649,1,224,170,38.72,196.86,1,910,224/170
1520530342.950651,1,216,168,38.53,15.47,0,910,216/168
1520530343.000653,1,207,161,37.99,12.30,0,910,207/161
1520530343.050654,1,251,185,37.50,201.04,1,923,251/185
1520530343.101131,1,300,238,55.10,14.71,0,923,300/238
1520530343.151133,1,300,243,55.43,14.04,0,923,300/243
1520530343.201134,1,300,238,55.66,218.75,1,972,300/238
1520530343.251136,1,261,201,55.83,14.18,0,972,261/201
1520530343.301138,1,254,193,55.81,13.66,0,972,254/193
1520530343.351140,1,300,213,55.49,179.94,1,972,300/213
1520530343.401141,1,261,204,55.37,17.22,0,972,261/204
1520530343.451144,1,250,193,54.77,12.45,0,972,250/193
1520530343.501404,1,300,227,64.31,215.96,1,984,300/227
1520530343.551476,1,270,206,63.99,19.65,0,984,270/206
1520530343.601407,1,300,232,63.75,13.82,0,984,300/232
1520530343.651408,1,300,217,63.13,176.11,1,1007,300/217
1520530343.701410,1,300,220,62.33,15.45,0,1007,300/220
1520530343.751410,1,264,208,61.10,15.53,0,1007,264/208
1520530343.801413,1,258,203,60.38,184.42,1,998,258/203
1520530343.851414,1,276,225,59.28,16.06,0,998,276/225
1520530343.901415,1,266,218,57.67,13.18,0,998,266/218
1520530343.951402,1,284,226,55.70,212.45,1,1026,284/226
1520530344.001403,1,262,215,54.94,13.87,0,1026,262/215
1520530344.051405,1,300,242,54.35,13.39,0,1026,300/242
1520530344.101406,1,300,244,53.79,219.90,1,1046,300/244
1520530344.151408,1,283,235,53.28,14.79,0,1046,283/235
1520530344.201410,1,267,226,52.85,13.43,0,1046,267/226
1520530344.251411,1,259,223,52.07,199.85,1,1023,259/223
1520530344.301413,1,254,221,51.31,14.08,0,1023,254/221
1520530344.351409,1,240,212,49.82,17.28,0,1023,240/212
1520530344.401411,1,236,211,49.16,231.34,1,1021,236/211
1520530344.451412,1,233,208,48.61,11.66,0,1021,233/208
1520530344.501414,1,233,208,48.24,18.77,0,1021,233/208
1520530344.551415,1,225,207,48.23,228.05,1,1020,225/207
1520530344.601418,1,245,215,48.10,17.14,0,1020,245/215
1520530344.651419,1,247,216,48.51,21.83,0,1020,247/216
1520530344.701421,1,246,214,49.09,229.30,1,1044,246/214
1520530344.751636,1,256,223,55.28,14.61,0,1044,256/223
1520530344.801638,1,247,218,56.08,13.53,0,1044,247/218
1520530344.851639,1,244,216,56.74,190.96,1,1063,244/216
1520530344.901641,1,253,219,57.12,17.76,0,1063,253/219
1520530344.951642,1,255,215,58.00,14.03,0,1063,255/215
1520530345.001644,1,243,202,57.83,200.49,1,1084,243/202
1520530345.051645,1,243,206,57.11,14.08,0,1084,243/206
1520530345.101647,1,248,204,56.97,13.70,0,1084,248/204
1520530345.151845,1,300,241,59.28,231.15,1,1128,300/241
1520530345.201743,1,296,233,59.53,16.36,0,1128,296/233
1520530345.251745,1,300,240,59.91,14.64,0,1128,300/240
1520530345.301746,1,300,240,60.46,200.45,1,1140,300/240
1520530345.351748,1,300,234,60.60,14.63,0,1140,300/234
1520530345.401750,1,300,235,61.06,13.10,0,1140,300/235
1520530345.451751,1,300,234,61.70,193.40,1,1090,300/234
1520530345.501753,1,300,230,62.34,17.41,0,1090,300/230
1520530345.551195,1,300,228,46.52,17.23,0,1090,300/228
1520530345.601196,1,300,229,46.83,186.24,1,1149,300/229
1520530345.651198,1,286,220,47.31,17.21,0,1149,286/220
1520530345.701199,1,283,209,47.92,20.21,0,1149,283/209
1520530345.751201,1,261,190,48.16,215.41,1,1166,261/190
1520530345.801203,1,239,173,48.22,15.20,0,1166,239/173
1520530345.851204,1,200,164,48.84,15.04,0,1166,200/164
1520530345.901206,1,155,132,49.90,190.67,1,1121,155/132
1520530345.951161,1,131,101,49.31,13.48,0,1121,131/101
1520530346.001475,1,140,111,60.06,11.45,0,1121,140/111
1520530346.051476,1,130,105,60.72,194.32,1,1136,130/105
1520530346.101478,1,119,97,61.28,11.92,0,1136,119/97
1520530346.151479,1,300,235,61.70,12.84,0,1136,300/235
1520530346.201480,1,217,182,62.60,219.16,1,1230,217/182
1520530346.251484,1,213,180,63.09,18.33,0,1230,213/180
1520530346.301485,1,210,180,63.28,14.25,0,1230,210/180
1520530346.351486,1,300,247,63.35,200.86,1,1333,300/247
1520530346.401376,1,300,244,59.80,18.66,0,1333,300/244
1520530346.451378,1,248,195,60.19,18.09,0,1333,248/195
1520530346.501379,1,194,157,60.74,219.82,1,1348,194/157
1520530346.551380,1,232,183,61.01,14.40,0,1348,232/183
1520530346.601382,1,204,170,61.51,25.54,0,1348,204/170
1520530346.651383,1,281,222,61.70,222.40,1,1424,281/222
1520530346.701385,1,251,200,61.87,22.41,0,1424,251/200
1520530346.751386,1,300,214,61.87,17.91,0,1424,300/214
1520530346.801545,1,258,184,67.87,184.96,1,1471,258/184
1520530346.851546,1,187,147,67.86,16.73,0,1471,187/147
1520530346.901547,1,197,150,67.78,13.14,0,1471,197/150
1520530346.951549,1,184,141,67.77,209.17,1,1494,184/141
1520530347.001551,1,195,143,67.52,24.84,0,1494,195/143
1520530347.051553,1,210,148,67.48,19.31,0,1494,210/148
1520530347.101554,1,220,152,67.68,197.91,1,1526,220/152
1520530347.151556,1,209,143,67.69,19.25,0,1526,209/143
1520530347.201400,1,200,136,61.75,14.52,0,1526,200/136
1520530347.251402,1,188,129,61.89,319.07,1,1521,188/129
1520530347.301403,1,203,137,61.61,21.08,0,1521,203/137
1520530347.351405,1,230,144,61.39,21.35,0,1521,230/144
1520530347.401407,1,201,132,61.10,291.43,1,1441,201/132
1520530347.451408,1,186,120,60.58,19.76,0,1441,186/120
1520530347.501410,1,165,110,60.36,20.31,0,1441,165/110
1520530347.551411,1,144,91,60.50,223.29,1,1385,144/91
1520530347.601218,1,150,92,53.65,23.98,0,1385,150/92
1520530347.651220,1,134,87,53.98,17.79,0,1385,134/87
1520530347.701222,1,125,87,54.38,218.96,1,1331,125/87
1520530347.751223,1,131,90,54.89,11.75,0,1331,131/90
1520530347.801224,1,116,85,55.42,13.10,0,1331,116/85
1520530347.851226,1,111,86,55.60,182.38,1,1295,111/86
1520530347.901227,1,107,85,56.33,10.68,0,1295,107/85
1520530347.951229,1,109,91,56.54,10.11,0,1295,109/91
1520530348.001163,1,109,75,54.39,180.57,1,1260,109/75
1520530348.051164,1,98,77,54.61,10.80,0,1260,98/77
1520530348.101166,1,96,83,55.01,12.90,0,1260,96/83
1520530348.151168,1,130,103,55.36,175.79,1,1245,130/103
1520530348.201169,1,121,95,55.98,12.14,0,1245,121/95
1520530348.251170,1,117,91,56.38,9.98,0,1245,117/91
1520530348.301184,1,113,88,56.81,133.19,1,1217,113/88
1520530348.351173,1,121,93,57.02,10.45,0,1217,121/93
1520530348.401175,1,126,97,57.10,10.24,0,1217,126/97
1520530348.451416,1,121,94,67.32,147.98,1,1228,121/94
1520530348.501419,1,129,101,67.14,13.05,0,1228,129/101
1520530348.551420,1,122,99,67.18,11.22,0,1228,122/99
1520530348.601422,1,119,94,67.07,155.48,1,1214,119/94
1520530348.651423,1,118,94,67.00,10.74,0,1214,118/94
1520530348.701425,1,124,94,66.74,11.76,0,1214,124/94
1520530348.751426,1,114,85,66.79,163.82,1,1204,114/85
1520530348.801427,1,116,85,67.26,11.56,0,1204,116/85
1520530348.851315,1,118,88,61.99,10.68,0,1204,118/88
1520530348.901316,1,135,101,61.67,158.44,1,1189,135/101
1520530348.951318,1,138,107,61.38,12.16,0,1189,138/107
1520530349.001319,1,147,119,61.14,16.28,0,1189,147/119
1520530349.051321,1,145,121,60.87,131.32,1,1186,145/121
1520530349.101322,1,141,124,60.33,12.33,0,1186,141/124
1520530349.151325,1,143,121,59.67,11.31,0,1186,143/121
1520530349.201326,1,138,123,59.32,143.27,1,1165,138/123
1520530349.251106,1,161,138,49.97,11.14,0,1165,161/138
1520530349.301107,1,149,128,49.56,14.52,0,1165,149/128
1520530349.351109,1,148,128,49.63,97.49,1,1107,148/128
1520530349.401110,1,183,150,49.45,11.25,0,1107,183/150
1520530349.451112,1,196,156,49.11,18.92,0,1107,196/156
1520530349.501114,1,195,155,49.11,171.37,1,1108,195/155
1520530349.551115,1,204,163,49.40,14.38,0,1108,204/163
1520530349.601117,1,196,162,49.60,15.54,0,1108,196/162
1520530349.650935,1,226,177,42.02,117.43,1,1120,226/177
1520530349.700937,1,214,177,41.96,16.73,0,1120,214/177
1520530349.750943,1,213,174,41.84,12.96,0,1120,213/174
1520530349.800940,1,224,178,41.20,133.34,1,1065,224/178
1520530349.850941,1,225,180,40.76,15.23,0,1065,225/180
1520530349.900986,1,219,172,40.32,12.99,0,1065,219/172
1520530349.950944,1,214,163,39.70,151.88,1,1038,214/163
1520530350.000946,1,300,232,38.99,14.44,0,1038,300/232
1520530350.051376,1,252,192,55.47,13.50,0,1038,252/192
1520530350.101378,1,259,194,55.45,152.15,1,1114,259/194
1520530350.151379,1,288,218,55.39,19.85,0,1114,288/218
1520530350.201381,1,259,196,55.26,17.52,0,1114,259/196
1520530350.251384,1,250,189,54.72,144.73,1,1152,250/189
1520530350.301384,1,300,232,54.87,19.47,0,1152,300/232
1520530350.351386,1,300,229,54.79,16.29,0,1152,300/229
1520530350.401387,1,287,215,54.48,142.95,1,1111,287/215
1520530350.451515,1,300,221,58.64,15.58,0,1111,300/221
1520530350.501516,1,300,215,58.59,18.00,0,1111,300/215
1520530350.551518,1,300,216,58.30,177.24,1,1091,300/216
1520530350.601520,1,300,218,57.95,22.41,0,1091,300/218
1520530350.651521,1,300,225,57.94,15.66,0,1091,300/225
1520530350.701523,1,300,221,57.85,157.09,1,1111,300/221
1520530350.751523,1,300,217,57.62,19.62,0,1111,300/217
1520530350.801526,1,300,222,57.47,15.04,0,1111,300/222
1520530350.851527,1,300,228,57.16,163.62,1,1071,300/228
1520530350.901571,1,300,223,58.28,19.18,0,1071,300/223
1520530350.951573,1,272,211,57.83,14.30,0,1071,272/211
1520530351.001574,1,254,196,57.21,149.47,1,1034,254/196
1520530351.051576,1,237,196,56.30,13.99,0,1034,237/196
1520530351.101578,1,274,222,54.99,15.82,0,1034,274/222
1520530351.151579,1,232,208,53.69,137.12,1,1038,232/208
1520530351.201581,1,215,196,52.20,23.00,0,1038,215/196
1520530351.251582,1,206,193,51.33,12.96,0,1038,206/193
1520530351.301683,1,203,187,53.61,169.27,1,999,203/187
1520530351.351680,1,205,182,52.46,15.61,0,999,205/182
1520530351.401685,1,200,181,51.65,11.82,0,999,200/181
1520530351.451683,1,225,189,51.25,173.98,1,1000,225/189
1520530351.501759,1,212,189,50.60,15.53,0,1000,212/189
1520530351.551686,1,230,197,50.30,11.97,0,1000,230/197
1520530351.601688,1,225,199,49.91,167.44,1,1007,225/199
1520530351.651689,1,223,200,50.08,14.71,0,1007,223/200
1520530351.701695,1,239,211,50.18,11.67,0,1007,239/211
1520530351.751696,1,238,212,50.05,179.14,1,1029,238/212
1520530351.801698,1,243,211,50.28,19.26,0,1029,243/211
1520530351.851700,1,242,216,50.48,18.94,0,1029,242/216
1520530351.901701,1,300,253,50.79,128.01,1,1084,300/253
1520530351.951703,1,271,241,51.33,26.47,0,1084,271/241
1520530352.001704,1,300,257,51.81,17.70,0,1084,300/257
1520530352.051706,1,300,260,52.21,152.85,1,1118,300/260
1520530352.101805,1,272,236,55.41,18.45,0,1118,272/236
1520530352.151806,1,279,242,55.44,13.61,0,1118,279/242
1520530352.201808,1,267,236,55.56,191.50,1,1138,267/236
1520530352.251809,1,271,234,55.80,13.70,0,1138,271/234
1520530352.301811,1,267,233,55.22,13.67,0,1138,267/233
1520530352.351812,1,259,220,54.38,188.32,1,1129,259/220
1520530352.401814,1,250,208,54.92,14.78,0,1129,250/208
1520530352.451817,1,259,208,55.85,17.81,0,1129,259/208
1520530352.501469,1,262,207,46.23,231.01,1,1166,262/207
1520530352.551471,1,262,204,46.53,13.70,0,1166,262/204
1520530352.601472,1,300,226,46.96,18.49,0,1166,300/226
1520530352.651474,1,282,213,47.15,274.65,1,1211,282/213
1520530352.701475,1,278,212,47.61,13.78,0,1211,278/212
1520530352.751477,1,300,230,47.85,16.17,0,1211,300/230
1520530352.801478,1,300,224,48.29,241.78,1,1267,300/224
1520530352.851480,1,264,199,48.68,15.10,0,1267,264/199
1520530352.901098,1,194,139,37.51,17.45,0,1267,194/139
1520530352.951099,1,236,158,37.78,231.79,1,1302,236/158
1520530353.001101,1,214,141,37.93,13.19,0,1302,214/141
1520530353.051102,1,214,151,38.17,26.54,0,1302,214/151
1520530353.101208,1,184,136,38.08,138.15,1,1310,184/136
1520530353.151105,1,161,120,38.18,15.23,0,1310,161/120
1520530353.201107,1,148,104,38.61,13.92,0,1310,148/104
1520530353.251108,1,132,92,39.19,173.63,1,1289,132/92
1520530353.301110,1,272,214,39.58,27.29,0,1289,272/214
1520530353.351398,1,135,107,49.61,23.38,0,1289,135/107
1520530353.401399,1,112,93,50.65,236.58,1,1300,112/93
1520530353.451401,1,300,241,51.11,14.61,0,1300,300/241
1520530353.501402,1,213,178,51.57,25.35,0,1300,213/178
1520530353.551404,1,212,179,52.04,232.57,1,1380,212/179
1520530353.601405,1,300,233,52.41,22.13,0,1380,300/233
1520530353.651407,1,300,228,52.44,19.81,0,1380,300/228
1520530353.701408,1,277,206,52.64,267.42,1,1426,277/206
1520530353.751736,1,300,223,65.24,26.85,0,1426,300/223
1520530353.801738,1,215,164,65.40,20.31,0,1426,215/164
